FBgn0004907,Dmel\14-3-3ζ,"leo, 14-3-3, leonardo, 549, par-5"
FBgn0004168,Dmel\5-HT1A,"5HT1A, 5HT-dro2A, 5-HT1ADro, 5-HT1A, d5-HT1A"
FBgn0087012,Dmel\5-HT2A,"5-HT2, 5-HT2Dro, 5-HT2, 5-HT2Dro, 5HT2a"
FBgn0261929,Dmel\5-HT2B,
FBgn0004573,Dmel\5-HT7,"5HT7, 5-HT7, 5HT-dro1, 5-HT7Dro, 5-HT7Dro"
FBgn0000014,Dmel\abd-A,"abdA, iab-2, iab-4, iab4, Hab"
FBgn0000015,Dmel\Abd-B,"AbdB, Mcp, iab-7, Fab-7, iab-6"
FBgn0000017,Dmel\Abl,"Abelson tyrosine kinase, Abelson, dAbl, D-abl, Abelson kinase"
FBgn0264442,Dmel\ab,"clueless, clu"
FBgn0023416,Dmel\Ac3,"DAC3, DAC39E"
FBgn0012034,Dmel\AcCoAS,"ACS, acetyl-CoA synthetase, dACS, ACeCS1, Acetyl-CoA synthase"
FBgn0000024,Dmel\Ace,"AChE, acetylcholinesterase, DmAChE"
FBgn0033749,Dmel\achi,zaa
FBgn0000028,Dmel\acj6,I-POU
FBgn0020765,Dmel\Acp65Aa,Acp65A
FBgn0263120,Dmel\Acsl,"l(2)44DEa, l(2)k05304, dAcsl, l(2)05847, lethal (2) 44DEa"
FBgn0000044,Dmel\Act57B,"actin, F-actin, Act57A, C"
FBgn0000042,Dmel\Act5C,"actin, F-actin, BAP47, 5C actin, β-actin"
FBgn0000045,Dmel\Act79B,"actin, F-actin, ACT4, D"
FBgn0000047,Dmel\Act88F,"actin, Arthrin, F-actin, E"
FBgn0024913,Dmel\Actβ,"dActivin, Activin, dAct, activin-beta, Act-β"
FBgn0000667,Dmel\Actn,"fliA, l(1)2Cb,  EG:133E12.1 , a-actinin, Alpha-actinin"
FBgn0000022,Dmel\ac,"Hw, T5,  EG:125H10.3 , AS-C T5, achaete-scute"
FBgn0000055,Dmel\Adh,"DmADH,  BG:DS01486.8"
FBgn0026602,Dmel\Adk3,"Ady43A, Adk43A, Ady"
FBgn0039747,Dmel\AdoR,DmAdoR
FBgn0005694,Dmel\Aef1,AEF-1
FBgn0035371,Dmel\AhcyL1,
FBgn0025595,Dmel\AkhR,"GRHR, DGRHR, AKH receptor, Gonadotropin-releasing hormone receptor"
FBgn0004552,Dmel\Akh,"Drm-AKH, dAkh"
FBgn0082598,Dmel\akirin,"bhr, bhringi"
FBgn0010379,Dmel\Akt1,"Akt, dAkt, PKB, Dakt1, dPKB"
FBgn0261238,Dmel\Alh,"dAF10, l(3)j8C8, stk, AF10, sticking"
FBgn0040505,Dmel\Alk,DAlk
FBgn0016123,Dmel\Alp4,"Aph-4, l(3)07028"
FBgn0038845,Dmel\Alp5,
FBgn0003884,Dmel\αTub84B,"α-tubulin, tubulin, α1-tubulin, α tubulin, α-Tub"
FBgn0003886,Dmel\αTub85E,"α-tubulin, tubulin, α tubulin, Tub, α-Tub85E"
FBgn0000061,Dmel\al,L13-4
FBgn0000071,Dmel\Ama,
FBgn0023179,Dmel\amon,"PC2, dPC2, Ppp"
FBgn0003270,Dmel\amos,"Tft, Roi"
FBgn0011746,Dmel\ana,med
FBgn0012037,Dmel\Ance,"Race, l(2)34Eb, ACE, l(2)br31,  BG:DS08220.3"
FBgn0260642,Dmel\Antp,"ANT-C, Scx, Hu, DmAntp, l(3)84Ba"
FBgn0000097,Dmel\aop,"yan, pokkuri, pok, DROYANETSB, aop/yan"
FBgn0004569,Dmel\aos,"rlt, gil, roulette, sty, arg"
FBgn0000108,Dmel\Appl,"APP, APP-like, dAβ,  EG:65F1.5 , Amyloid Precursor Protein-like"
FBgn0015903,Dmel\apt,"tdf, tracheae defective, l(2)06369, l(2)59Ea, l(2)09049"
FBgn0267978,Dmel\ap,
FBgn0015904,Dmel\ara,"iro, iroquois, Iro-C, IroC"
FBgn0017418,Dmel\ari-1,"ari, ariadne, HL-V"
FBgn0000117,Dmel\arm,"β-catenin, beta-catenin, β-cat, b-catenin, βcat"
FBgn0039908,Dmel\Asator,
FBgn0000137,Dmel\ase,"EG:165H7.2 , T8, T1a, AS-C T8"
FBgn0034075,Dmel\Asph,
FBgn0000140,Dmel\asp,
FBgn0266429,Dmel\AstA-R1,"AlstR, DAR-1, Galanin Receptor, AstAR1, GR"
FBgn0039595,Dmel\AstA-R2,"DAR-2, AR-2, ASTR, DAR2"
FBgn0015591,Dmel\AstA,"Ast, drostatin-A4, Ast-A, AstA-1, allatostatin"
FBgn0036790,Dmel\AstC-R1,"star1, Drostar1"
FBgn0036789,Dmel\AstC-R2,"AlCR2, lincRNA.610"
FBgn0032336,Dmel\AstC,"Ast-C, drostatin-C, Ast2, FLT, flatline"
FBgn0020762,Dmel\Atet,
FBgn0028550,Dmel\Atf3,"A3-3,  EG:33C11.1 , dATF3"
FBgn0033010,Dmel\Atf6,
FBgn0261108,Dmel\Atg13,
FBgn0052672,Dmel\Atg8a,"Atg8, LC3, Autophagy-specific gene 8a, Atg-8a, DrAtg8a"
FBgn0010433,Dmel\ato,
FBgn0030343,Dmel\ATP7,"DmATP7, lincRNA.S9122"
FBgn0002921,Dmel\Atpα,"Na,K-ATPase, l(3)01164, Na+,K+-ATPase α-subunit, Na pump alpha subunit, Na+K+ATPase"
FBgn0010217,Dmel\ATPsynβ,"ATPsyn-beta, ATPsyn-β, ATP synthase-β, ATP synthase-beta, β-ATPase"
FBgn0012042,Dmel\AttA,"Attacin, Att, Att-A, att A"
FBgn0038530,Dmel\AttD,"attacin, Att"
FBgn0000147,Dmel\aurA,"aur, aurora, Aur-A, Aurora A kinase, l(3)ck10"
FBgn0013751,Dmel\Awh,l(3)63Ea
FBgn0011758,Dmel\B-H1,Bar
FBgn0004854,Dmel\B-H2,Bar
FBgn0038342,Dmel\B9d1,
FBgn0004870,Dmel\bab1,"bab, bric-a-brac, bric a brac, bab-I, bric a brac I"
FBgn0025525,Dmel\bab2,"bab, bab-II, bric-a-brac, bric a brac, BTB-II"
FBgn0031453,Dmel\Bacc,
FBgn0000158,Dmel\bam,"BamC, Bam-C"
FBgn0004862,Dmel\bap,"NK3, NK-3, bgp"
FBgn0087007,Dmel\bbg,C96
FBgn0024251,Dmel\bbx,
FBgn0000166,Dmel\bcd,
FBgn0028482,Dmel\bdl,BcDNA:GH11322
FBgn0015602,Dmel\BEAF-32,"BEAF, BEAF32, BEAF-32A, BEAF-32B, boundary element-associated factor"
FBgn0013433,Dmel\beat-Ia,"beat, beaten path, tric, beat Ia,  BG:DS00913.3"
FBgn0028644,Dmel\beat-Ic,"beat-C,  BG:DS00913.1"
FBgn0038498,Dmel\beat-IIa,
FBgn0038494,Dmel\beat-IIb,
FBgn0265607,Dmel\beat-IIIa,
FBgn0053179,Dmel\beat-IIIb,
FBgn0032629,Dmel\beat-IIIc,
FBgn0039089,Dmel\beat-IV,
FBgn0038087,Dmel\beat-Va,
FBgn0038092,Dmel\beat-Vb,
FBgn0038084,Dmel\beat-Vc,
FBgn0250908,Dmel\beat-VII,
FBgn0039584,Dmel\beat-VI,
FBgn0000173,Dmel\ben,"Ubc13, UbcD3, Bend"
FBgn0284243,Dmel\βTub56D,"β-tubulin, β1-tubulin, β1 tubulin, β1, tubulin"
FBgn0003888,Dmel\βTub60D,"β3-tubulin, β-tubulin, β3 tubulin, β3, tubulin"
FBgn0003889,Dmel\βTub85D,"β-tubulin, β2-tubulin, β2 tubulin, B2t, β2"
FBgn0027348,Dmel\bgm,BG:DS01514.2
FBgn0000180,Dmel\bib,
FBgn0014133,Dmel\bif,
FBgn0045759,Dmel\bin,FoxF
FBgn0000179,Dmel\bi,"omb, optomotor-blind, optomotor blind, Qd, l(1)omb"
FBgn0035625,Dmel\Blimp-1,"dBlimp-1, dBlimp1"
FBgn0027660,Dmel\blot,
FBgn0004133,Dmel\blow,l(2)43Eb
FBgn0011211,Dmel\blw,"ATP5A, ATPsyn-α, ATPsynα, C-V-α, A2(2nd)27"
FBgn0001090,Dmel\bnb,gap43
FBgn0004389,Dmel\bnk,
FBgn0014135,Dmel\bnl,"FGF, l(3)06916, fibroblast growth factor"
FBgn0034329,Dmel\BomS1,"IM1, Immune induced molecule 1, IM2-like, Bom1, DIM-1"
FBgn0260942,Dmel\bond,
FBgn0023097,Dmel\bon,
FBgn0004893,Dmel\bowl,"bowel, Su(tor)2-1"
FBgn0033155,Dmel\Br140,
FBgn0000216,Dmel\Brd,
FBgn0038499,Dmel\Brf,Brf1
FBgn0024250,Dmel\brk,ssg-1
FBgn0032130,Dmel\brwl,CC20
FBgn0283451,Dmel\br,"BR-C, Broad Complex, ecs, rbp, npr1"
FBgn0000529,Dmel\bsh,E86
FBgn0000229,Dmel\bsk,"JNK, DJNK, c-Jun N-terminal kinase, Jun N-terminal kinase, pJNK"
FBgn0004101,Dmel\bs,"DSRF, SRF, pruned, D-SRF, Drosophila Serum Response Factor"
FBgn0263108,Dmel\BtbVII,BTB-VII
FBgn0000233,Dmel\btd,
FBgn0003502,Dmel\Btk29A,"Tec29, Dsrc28C, Tec29A, fic, dsrc29A"
FBgn0285896,Dmel\btl,"dev, FGFR, DFR2, DFGF-R1, FGF receptor"
FBgn0014949,Dmel\btn,
FBgn0040491,Dmel\Buffy,"Buffy/dBorg-2, dBorg-2, Buffy/Borg2"
FBgn0032600,Dmel\BuGZ,"lincRNA.S1359,  Dm_2L:87597"
FBgn0259176,Dmel\bun,"shs, l(2)00255,  Dm_2L:60722 , TSC-22"
FBgn0045064,Dmel\bwa,"38B.6, Dacer"
FBgn0265598,Dmel\Bx,"dLMO, hdp, dttg, flightless-H, Lmo"
FBgn0004863,Dmel\C15,"clawless, cll"
FBgn0287724,Dmel\Ca-β,"l(2)04008, Ca2+-channel-protein-β-subunit"
FBgn0000250,Dmel\cact,"cac, fs(2)ltoRN48,  BG:DS02740.15"
FBgn0263111,Dmel\cac,"Dmca1A, nbA, l(1)L13, 13, cac1"
FBgn0036715,Dmel\Cad74A,
FBgn0015609,Dmel\CadN,"N-cadherin, DN-cadherin, Ncad, N-Cad, DN-Cad"
FBgn0000251,Dmel\cad,"38E.19, cd"
FBgn0012051,Dmel\CalpA,calpain
FBgn0013995,Dmel\Calx,"Ncx, Dmel/Ncx"
FBgn0264607,Dmel\CaMKII,"Ca2+/calmodulin-dependent protein kinase II, dCaMKII, l(4)16, CaM kinase II, CaM kinase"
FBgn0287478,Dmel\Camta,"dCAMTA, croaker, cro, DmCAMTA, Calmodulin-binding transcription factor"
FBgn0010014,Dmel\CanB,
FBgn0011569,Dmel\can,TAF5L
FBgn0037100,Dmel\CapaR,capa receptor
FBgn0039722,Dmel\Capa,"capa-1, CAP2b, capa-2, capa-3, Drm-PK-1"
FBgn0013759,Dmel\CASK,"Camguk, Caki, cmg, dCASK, CASK ortholog"
FBgn0004878,Dmel\cas,"ming, l(3)neo33"
FBgn0024249,Dmel\cato,
FBgn0000261,Dmel\Cat,DMCATHPO
FBgn0015919,Dmel\caup,"iro, iroquois, Iro-C"
FBgn0004580,Dmel\Cbp53E,"cbn, calbindin-32, calbindin"
FBgn0067317,Dmel\Cby,
FBgn0039396,Dmel\CCAP-R,"CcapR, CCAP receptor"
FBgn0039007,Dmel\CCAP,Cardioacceleratory peptide
FBgn0036219,Dmel\CCDC151,
FBgn0050106,Dmel\CCHa1-R,CCHa1r
FBgn0030954,Dmel\CCKLR-17D3,DSK-R1
FBgn0052183,Dmel\Ccn,
FBgn0010621,Dmel\CCT5,"l(2)06444, T-complex Chaperonin 5"
FBgn0010341,Dmel\Cdc42,"Dcdc42, DmCDC42"
FBgn0004876,Dmel\cdi,"l(3)07013, 91F, B9.3, 91F gene"
FBgn0004106,Dmel\Cdk1,"cdc2, Dmcdc2"
FBgn0010350,Dmel\Cds,"CdsA, CDP diglyceride synthetase, eye-CDS, CDP-diacylglycerol synthetase, winded"
FBgn0000276,Dmel\CecA1,"Cecropin, CecA, Cecropin A, Cec, Cec A1"
FBgn0029092,Dmel\ced-6,"dCed-6, drced-6"
FBgn0032798,Dmel\CG10132,
FBgn0039088,Dmel\CG10164,
FBgn0032801,Dmel\CG10165,
FBgn0039084,Dmel\CG10175,
FBgn0033970,Dmel\CG10205,
FBgn0035690,Dmel\CG10274,
FBgn0034643,Dmel\CG10321,
FBgn0035656,Dmel\CG10479,
FBgn0034570,Dmel\CG10543,
FBgn0032817,Dmel\CG10631,
FBgn0036294,Dmel\CG10654,
FBgn0036327,Dmel\CG10748,
FBgn0036328,Dmel\CG10749,
FBgn0029663,Dmel\CG10804,
FBgn0037911,Dmel\CG10898,
FBgn0037379,Dmel\CG10979,
FBgn0030408,Dmel\CG11085,
FBgn0039927,Dmel\CG11155,
FBgn0037120,Dmel\CG11247,
FBgn0030058,Dmel\CG11294,
FBgn0039816,Dmel\CG11317,
FBgn0035550,Dmel\CG11349,
FBgn0030375,Dmel\CG11356,
FBgn0040359,Dmel\CG11380,EG:BACR42I17.7
FBgn0037031,Dmel\CG11456,
FBgn0039864,Dmel\CG11550,
FBgn0039266,Dmel\CG11791,
FBgn0039633,Dmel\CG11873,
FBgn0034425,Dmel\CG11906,
FBgn0035429,Dmel\CG12017,
FBgn0035179,Dmel\CG12038,
FBgn0039831,Dmel\CG12054,
FBgn0039808,Dmel\CG12071,
FBgn0035238,Dmel\CG12104,
FBgn0030510,Dmel\CG12177,
FBgn0025387,Dmel\Alms1b,
FBgn0029822,Dmel\CG12236,
FBgn0029810,Dmel\CG12239,
FBgn0033558,Dmel\CG12344,
FBgn0033774,Dmel\CG12374,
FBgn0030537,Dmel\CG12480,
FBgn0035171,Dmel\CG12502,
FBgn0037941,Dmel\CG12594,
FBgn0035481,Dmel\CG12605,
FBgn0037206,Dmel\CG12768,
FBgn0033252,Dmel\CG12769,
FBgn0030798,Dmel\CG13003,
FBgn0032789,Dmel\CG13083,
FBgn0033645,Dmel\CG13196,
FBgn0033627,Dmel\CG13204,
FBgn0033579,Dmel\CG13229,
FBgn0036984,Dmel\CG13248,CAT-4
FBgn0035643,Dmel\CG13287,
FBgn0033850,Dmel\CG13331,
FBgn0033851,Dmel\CG13332,
FBgn0033856,Dmel\CG13334,
FBgn0261446,Dmel\CG13377,"BG01596,  EG:BACR37P7.9"
FBgn0034788,Dmel\CG13532,
FBgn0040660,Dmel\CG13551,ATPIF1
FBgn0034869,Dmel\CG13558,
FBgn0039288,Dmel\CG13653,
FBgn0035582,Dmel\CG13705,
FBgn0035157,Dmel\CG13894,
FBgn0035159,Dmel\CG13896,
FBgn0031770,Dmel\CG13995,
FBgn0031707,Dmel\CG14020,
FBgn0032315,Dmel\CG14069,
FBgn0032961,Dmel\CG1416,
FBgn0036935,Dmel\CG14186,
FBgn0031002,Dmel\CG14196,
FBgn0031037,Dmel\CG14207,HspB8
FBgn0032023,Dmel\CG14274,
FBgn0038567,Dmel\CG14316,
FBgn0033464,Dmel\CG1441,
FBgn0029922,Dmel\CG14431,
FBgn0029895,Dmel\CG14441,
FBgn0034321,Dmel\CG14502,
FBgn0040398,Dmel\CG14629,EG:103E12.2
FBgn0037275,Dmel\CG14655,
FBgn0037835,Dmel\CG14687,
FBgn0037819,Dmel\Phyhd1,
FBgn0032360,Dmel\CG14926,
FBgn0035477,Dmel\CG14982,
FBgn0035497,Dmel\CG14995,
FBgn0035544,Dmel\CG15021,
FBgn0035548,Dmel\CG15023,
FBgn0033108,Dmel\CG15236,
FBgn0030167,Dmel\CG15252,
FBgn0028879,Dmel\CG15270,BG:DS04929.1
FBgn0028855,Dmel\CG15282,BG:DS07721.3
FBgn0028844,Dmel\CG15283,BG:DS08340.1
FBgn0032489,Dmel\CG15480,
FBgn0039723,Dmel\CG15522,
FBgn0039770,Dmel\CG15537,
FBgn0039806,Dmel\CG15545,
FBgn0034567,Dmel\CG15651,
FBgn0034120,Dmel\CG15710,
FBgn0030417,Dmel\CG15725,
FBgn0030409,Dmel\CG15728,
FBgn0029814,Dmel\CG15765,
FBgn0030576,Dmel\CG15890,
FBgn0029712,Dmel\CG15912,
FBgn0033446,Dmel\CG1648,
FBgn0037698,Dmel\CG16779,
FBgn0033442,Dmel\CG1690,
FBgn0039045,Dmel\CG17119,
FBgn0046225,Dmel\CG17230,BcDNA:GH24095
FBgn0038879,Dmel\CG17298,
FBgn0032719,Dmel\CG17321,
FBgn0025835,Dmel\CG17707,EG:23E12.3
FBgn0033710,Dmel\CG17739,
FBgn0037433,Dmel\CG17919,
FBgn0038592,Dmel\CG18599,
FBgn0250839,Dmel\CG2016,anon- SAGE:Wang-083
FBgn0032957,Dmel\CG2225,
FBgn0035087,Dmel\CG2765,
FBgn0037537,Dmel\CG2767,
FBgn0050020,Dmel\CG30020,p190
FBgn0050033,Dmel\CG30033,
FBgn0029720,Dmel\CG3009,
FBgn0050114,Dmel\CG30114,
FBgn0050356,Dmel\CG30356,
FBgn0023524,Dmel\CG3078,EG:30B8.6
FBgn0051038,Dmel\CG31038,
FBgn0051140,Dmel\CG31140,
FBgn0051224,Dmel\CG31224,
FBgn0051324,Dmel\CG31324,
FBgn0051388,Dmel\CG31388,
FBgn0051559,Dmel\CG31559,
FBgn0051760,Dmel\CG31760,
FBgn0051809,Dmel\CG31809,
FBgn0052192,Dmel\CG32192,
FBgn0052204,Dmel\CG32204,
FBgn0052280,Dmel\CG32280,
FBgn0052369,Dmel\CG32369,
FBgn0041232,Dmel\CG32395,Gr65a
FBgn0052432,Dmel\CG32432,
FBgn0052447,Dmel\CG32447,
FBgn0052532,Dmel\CG32532,
FBgn0052547,Dmel\CG32547,
FBgn0034978,Dmel\CG3257,
FBgn0052695,Dmel\CG32695,
FBgn0052772,Dmel\CG32772,
FBgn0023531,Dmel\CG32809,EG:171E4.3
FBgn0052971,Dmel\CG32971,
FBgn0052982,Dmel\CG32982,
FBgn0053110,Dmel\CG33110,
FBgn0053143,Dmel\CG33143,
FBgn0053178,Dmel\CG33178,
FBgn0053639,Dmel\CG33639,
FBgn0053978,Dmel\CG33978,
FBgn0054038,Dmel\CG34038,"Dm_2R:93795 ,  Dm_2R:93799 , BP1023"
FBgn0054057,Dmel\CG34057,
FBgn0031573,Dmel\CG3407,
FBgn0085201,Dmel\CG34172,
FBgn0085376,Dmel\CG34347,
FBgn0085384,Dmel\CG34355,lincRNA.840
FBgn0085396,Dmel\CG34367,
FBgn0035007,Dmel\CG3492,
FBgn0032981,Dmel\CG3635,
FBgn0261444,Dmel\CG3638,"EG:33C11.3 , BG00376"
FBgn0029824,Dmel\CG3726,
FBgn0029853,Dmel\CG3781,
FBgn0034800,Dmel\CG3788,
FBgn0036824,Dmel\CG3902,
FBgn0028888,Dmel\CG4168,BG:DS03192.2
FBgn0259166,Dmel\CG42271,
FBgn0259244,Dmel\CG42342,
FBgn0260870,Dmel\CG42580,
FBgn0260969,Dmel\CG42592,
FBgn0261582,Dmel\CG42692,
FBgn0261641,Dmel\CG42724,
FBgn0261705,Dmel\CG42741,
FBgn0261816,Dmel\CG42758,
FBgn0261859,Dmel\CG42788,
FBgn0262020,Dmel\CG42831,
FBgn0262362,Dmel\CG43060,
FBgn0262476,Dmel\CG43066,
FBgn0262574,Dmel\CG43114,MIP09856
FBgn0262854,Dmel\CG43218,MB8.chr3L.pasa.58
FBgn0262855,Dmel\CG43219,DMG4-MB6.chr3L.36.014
FBgn0262875,Dmel\CG43230,
FBgn0036274,Dmel\CG4328,
FBgn0034745,Dmel\CG4329,
FBgn0263077,Dmel\CG43340,BcDNA:GH02712
FBgn0263072,Dmel\CG43347,
FBgn0032138,Dmel\CG4364,
FBgn0263772,Dmel\CG43689,
FBgn0030432,Dmel\CG4404,
FBgn0265084,Dmel\CG44195,
FBgn0265455,Dmel\CG44355,
FBgn0265714,Dmel\CG44521,
FBgn0266047,Dmel\CG44812,
FBgn0035021,Dmel\CG4622,
FBgn0285963,Dmel\CG46339,"sda, slamdance"
FBgn0037992,Dmel\CG4702,
FBgn0039029,Dmel\CG4704,
FBgn0025336,Dmel\CG4882,
FBgn0028520,Dmel\CG4891,BG:DS04095.1
FBgn0036436,Dmel\CG4914,SP39
FBgn0036612,Dmel\CG4998,
FBgn0031313,Dmel\CG5080,
FBgn0034158,Dmel\CG5522,
FBgn0035948,Dmel\CG5644,
FBgn0063649,Dmel\CG6006,
FBgn0036202,Dmel\CG6024,
FBgn0036750,Dmel\CG6034,
FBgn0034725,Dmel\CG6044,
FBgn0027581,Dmel\CG6191,BcDNA:GH06193
FBgn0033872,Dmel\CG6329,
FBgn0039178,Dmel\CG6356,
FBgn0030870,Dmel\CG6398,
FBgn0034166,Dmel\CG6472,
FBgn0027550,Dmel\CG6495,GH10711
FBgn0038286,Dmel\CG6966,
FBgn0036493,Dmel\CG7255,
FBgn0036791,Dmel\CG7271,
FBgn0037144,Dmel\CG7458,
FBgn0036749,Dmel\CG7460,
FBgn0038652,Dmel\CG7720,
FBgn0032021,Dmel\CG7781,
FBgn0037720,Dmel\CG8312,
FBgn0033918,Dmel\CG8531,
FBgn0036381,Dmel\CG8745,
FBgn0028955,Dmel\CG8788,"n(2)k04512,  BEST:HL05962"
FBgn0037676,Dmel\CG8861,
FBgn0030710,Dmel\CG8924,
FBgn0030617,Dmel\CG9095,
FBgn0032897,Dmel\CG9336,
FBgn0032899,Dmel\CG9338,
FBgn0034438,Dmel\CG9416,
FBgn0037721,Dmel\CG9427,
FBgn0029939,Dmel\CG9650,
FBgn0029950,Dmel\CG9657,
FBgn0031516,Dmel\CG9663,
FBgn0036663,Dmel\CG9674,
FBgn0036661,Dmel\CG9705,
FBgn0034821,Dmel\CG9876,
FBgn0262160,Dmel\CG9932,
FBgn0000289,Dmel\cg,"mig, l(2)07659"
FBgn0261294,Dmel\CheB74a,
FBgn0029504,Dmel\CHES-1-like,anon- EST:Posey7
FBgn0086758,Dmel\chinmo,
FBgn0028387,Dmel\chm,"HAT1, HAT"
FBgn0015371,Dmel\chn,l(2)02064
FBgn0267435,Dmel\chp,"24B10, mAb24B10, chaoptic, INAD localization-A, idl-A"
FBgn0022702,Dmel\Cht2,
FBgn0038641,Dmel\ChT,
FBgn0026084,Dmel\cib,
FBgn0262582,Dmel\cic,"fettucine, fet, E(Dl)D49"
FBgn0033313,Dmel\Cirl,"dCirl, latrophilin"
FBgn0004859,Dmel\ci,"l(4)17, ciD, CID, Gli, ci-D"
FBgn0000259,Dmel\CkIIβ,"CK2, CKII, CK2β, And, Andante"
FBgn0023076,Dmel\Clk,"dClk, dClock, Jrk"
FBgn0026255,Dmel\clumsy,
FBgn0034087,Dmel\clu,
FBgn0037015,Dmel\cmpy,
FBgn0262975,Dmel\cnc,"Nrf2, CncC, Cap 'n' collar, cap and collar, l(3)03921"
FBgn0051716,Dmel\Cnot4,NOT4
FBgn0000299,Dmel\Col4a1,"Cg25C, DCg1, collagen IV, Collagen type IV, ColIVα1"
FBgn0010105,Dmel\comm,
FBgn0005775,Dmel\Con,conn
FBgn0010313,Dmel\corto,"l(3)neo31, ccf, l(3)07128, Centrosomal and chromosomal factor"
FBgn0000355,Dmel\Cp15,"s15, s15-1, s-15"
FBgn0000359,Dmel\Cp36,"s36, dec2, fs(1)C2, dec-2"
FBgn0261714,Dmel\Cpn,cap
FBgn0263995,Dmel\cpo,
FBgn0028871,Dmel\Cpr35B,BG:DS06238.4
FBgn0033602,Dmel\Cpr47Ee,
FBgn0029920,Dmel\CR4575,
FBgn0259685,Dmel\crb,"l(3)07207, Crbs, l(3)j1B5, far"
FBgn0000370,Dmel\crc,"ATF4, l(2)crc, dATF4, ATF-4"
FBgn0004396,Dmel\CrebA,"dCREB-A, CREB, dCREBA, BBF-2, Creb-A"
FBgn0265784,Dmel\CrebB,"dCREB2, CREB, CrebB-17A, dCREB2-b, dCREB2-a"
FBgn0025456,Dmel\CREG,dCREG
FBgn0014143,Dmel\croc,"FD1, FoxC"
FBgn0020309,Dmel\crol,
FBgn0001994,Dmel\crp,"l(2)35Fd, dAP-4,  BG:DS02740.3 , AP-4"
FBgn0015924,Dmel\crq,Cd36
FBgn0005664,Dmel\Crys,"Cry, dcy, drosocrystallin"
FBgn0025680,Dmel\cry,"dCRY, DmCry, DmCRY1"
FBgn0036278,Dmel\CrzR,"GRHRII, DCR, Crz receptor"
FBgn0013767,Dmel\Crz,"Drm-COR, COR, Dm-Crz"
FBgn0004179,Dmel\Csp,"cystein string protein, Dcsp, l(3)03988, ab49"
FBgn0004198,Dmel\ct,"kf, kinked-femur"
FBgn0000395,Dmel\cv-2,"Cv2, cv 2"
FBgn0285955,Dmel\cv-c,"RhoGAP88C, l(3)06951"
FBgn0000394,Dmel\cv,tsg2
FBgn0259938,Dmel\cwo,
FBgn0000405,Dmel\CycB,"Cyclin B1, Cyc B"
FBgn0010382,Dmel\CycE,"DmcycE, l(2)br37, l(2)35Dd, fond, Cyc E"
FBgn0038681,Dmel\Cyp12a4,"cytochrome P450, 12a4"
FBgn0038680,Dmel\Cyp12a5,
FBgn0034387,Dmel\Cyp12b2,
FBgn0028940,Dmel\Cyp28a5,BG:DS00180.11
FBgn0032693,Dmel\Cyp310a1,anon- EST:CL1d7
FBgn0033524,Dmel\Cyp49a1,
FBgn0015035,Dmel\Cyp4e3,P450
FBgn0030304,Dmel\Cyp4g15,
FBgn0033980,Dmel\Cyp6a20,6a20
FBgn0000473,Dmel\Cyp6a2,"P450, P-450-B, cytochrome P450"
FBgn0013772,Dmel\Cyp6a8,P450
FBgn0025454,Dmel\Cyp6g1,"DDT-R, cytochrome P450, Rst(2)DDT, 6g1"
FBgn0031182,Dmel\Cyp6t1,
FBgn0033697,Dmel\Cyp6t3,6t3
FBgn0030001,Dmel\cyr,
FBgn0033015,Dmel\d4,dd4
FBgn0005677,Dmel\dac,"dachsund, dacshund, l(2)36Ae, Dach,  BG:DS02780.3"
FBgn0020493,Dmel\Dad,"1883, l(3)j1E4"
FBgn0263930,Dmel\dally,"gem, l(3)SG18"
FBgn0039286,Dmel\dan,fernandez
FBgn0010316,Dmel\dap,"p21, Decapo, Cdi4, chakra, p27"
FBgn0263239,Dmel\dar1,
FBgn0262636,Dmel\dati,Lin29
FBgn0034136,Dmel\DAT,"fumin, fmn, dDAT, DmDAT"
FBgn0031461,Dmel\daw,"Alp23B, Activin Like Protein at 23B, Alp"
FBgn0267821,Dmel\da,
FBgn0261723,Dmel\Dbx,
FBgn0002413,Dmel\dco,"dbt, double-time, doubletime, CKIε, CK1ε"
FBgn0001108,Dmel\DCTN1-p150,"Glued, Gl, p150Glued, p150, dynactin"
FBgn0000422,Dmel\Ddc,
FBgn0013799,Dmel\Deaf1,DEAF-1
FBgn0029131,Dmel\Debcl,"Drob-1, dBorg-1, Bcl-2, death executioner Bcl-2 homologue, dBok"
FBgn0010385,Dmel\Def,Dfn
FBgn0026533,Dmel\Dek,"l(2)04154, dDEK, l(2)k09907, lincRNA.S2954"
FBgn0086687,Dmel\Desat1,"desaturase, Fatty acid desaturase, l(3)S028813, Stearoyl CoA desaturase, Fad"
FBgn0000439,Dmel\Dfd,DmDfd
FBgn0085390,Dmel\Dgk,
FBgn0052843,Dmel\Dh31-R,"Dh31-R1, Dh31r"
FBgn0032048,Dmel\Dh31,"Drm-DH31, diuretic hormone"
FBgn0033932,Dmel\Dh44-R1,"DH44-R1, Dh44R1"
FBgn0033744,Dmel\Dh44-R2,Dh44R2
FBgn0012344,Dmel\Dh44,"Dh, DH44, Diuretic hormone, CRF-like peptide, Drm-DH"
FBgn0261797,Dmel\Dhc64C,"Dhc, dynein, dynein heavy chain, cytoplasmic dynein, cytoplasmic dynein heavy chain"
FBgn0000447,Dmel\Dhod,"l(3)s3512, DHODH"
FBgn0260635,Dmel\Diap1,"th, thread, DIAP-1, Drosophila inhibitor of apoptosis 1, DIAP"
FBgn0000449,Dmel\dib,"Cyp302a1, cytochrome P450"
FBgn0033447,Dmel\dila,
FBgn0023091,Dmel\dimm,"Mistr, c929"
FBgn0051646,Dmel\DIP-θ,
FBgn0285879,Dmel\disco-r,"bae, batone"
FBgn0000459,Dmel\disco,
FBgn0037463,Dmel\djl,
FBgn0019828,Dmel\dj,
FBgn0001624,Dmel\dlg1,"Dlg, Discs large, Discs-large, Disc large, l(1)d.lg-1"
FBgn0000157,Dmel\Dll,"Ba, l(2)01092, Distall-less, Brista"
FBgn0041604,Dmel\dlp,"Dally-like protein, dly"
FBgn0000463,Dmel\Dl,Overflow
FBgn0260632,Dmel\dl,"NFκB, GSd447"
FBgn0030477,Dmel\dmrt11E,
FBgn0038851,Dmel\dmrt93B,
FBgn0039683,Dmel\dmrt99B,
FBgn0259113,Dmel\PolA1,"DNApol-α, DNApol-alpha180, DNA polymerase α, DNApol-α180, POLA"
FBgn0005696,Dmel\PolA2,"DNApol-α73, DNA polymerase α, pol α, Polα, DNA polymerase alpha primase 73 kda subunit"
FBgn0000479,Dmel\dnc,"PDE4, fs(1)M42,  EG:140G11.4 ,  EG:96G10.7"
FBgn0028789,Dmel\Doc1,"Doc, Dorsocross, Tb66F2"
FBgn0035956,Dmel\Doc2,"Dorsocross, Doc, Doc-2"
FBgn0035954,Dmel\Doc3,Doc
FBgn0010583,Dmel\dock,Nck
FBgn0043903,Dmel\dome,"vsp, mom, l(1)G0441, verstopft, l(1)G0264"
FBgn0011582,Dmel\Dop1R1,"DopR, dDA1, dumb, DopR1, DA1"
FBgn0266137,Dmel\Dop1R2,"DopR2, DAMB, DopR99B, dopamine receptor in mushroom bodies, K13sc"
FBgn0053517,Dmel\Dop2R,"D2R, DD2R"
FBgn0035538,Dmel\DopEcR,"DmDopEcR, dop"
FBgn0010109,Dmel\dpn,44C
FBgn0000490,Dmel\dpp,"BMP, TGF-β, shv, shortvein, TGF-beta"
FBgn0052057,Dmel\dpr10,
FBgn0085414,Dmel\dpr12,
FBgn0034286,Dmel\dpr13,Dm_2R:58906
FBgn0029974,Dmel\dpr14,
FBgn0037993,Dmel\dpr15,
FBgn0030723,Dmel\dpr18,CT34788
FBgn0032233,Dmel\dpr19,
FBgn0053512,Dmel\dpr4,
FBgn0037908,Dmel\dpr5,
FBgn0052600,Dmel\dpr8,CT16867
FBgn0038282,Dmel\dpr9,
FBgn0004240,Dmel\DptA,"Diptericin, Dpt, Dipt, Dip, DiptA"
FBgn0053196,Dmel\dpy,"dp, SP460"
FBgn0011763,Dmel\Dp,"dDP, l(2)vr10, DP1"
FBgn0033188,Dmel\Drat,
FBgn0020381,Dmel\Dredd,"EG:115C2.9 , Dcp-2/Dredd, Dcp-2, Dcp2"
FBgn0015664,Dmel\Dref,"DRE-binding factor, dDREF, DNA replication-related element-binding factor, DNA replication-related element binding factor"
FBgn0085369,Dmel\Drgx,
FBgn0015380,Dmel\drl,"lio, linotte"
FBgn0024244,Dmel\drm,drum
FBgn0026404,Dmel\Dronc,"Nc, Nedd2-like caspase, caspase-9"
FBgn0010388,Dmel\Dro,"Drc, Dros, DIM 9, DIM 11, DIM 15"
FBgn0035434,Dmel\Drsl5,"dro5, drosomycin-5, drosomycin, dmy5, Drosomycin B"
FBgn0283461,Dmel\Drs,"Drom, Dros, DIM 21, DIM 19, Drm"
FBgn0000492,Dmel\Dr,"msh, muscle segment homeobox, muscle specific homeobox, msh1, Dr/msh"
FBgn0033159,Dmel\Dscam1,"Dscam, Down syndrome cell adhesion molecule, l(2)43Bc, Drosophila Down syndrome cell adhesion molecule,  Dm_2R:13612"
FBgn0265296,Dmel\Dscam2,
FBgn0261046,Dmel\Dscam3,
FBgn0015381,Dmel\dsf,
FBgn0000500,Dmel\Dsk,"sulfakinin, Drm-SK-2, sulfakinin-0, DSK-0, Drm-SK-1"
FBgn0278608,Dmel\Dsp1,Hmg14B
FBgn0261799,Dmel\dsx-c73A,dsc73
FBgn0000504,Dmel\dsx,Dmdsx
FBgn0284247,Dmel\ds,"l(2)01855, Daschous"
FBgn0038071,Dmel\Dtg,
FBgn0283531,Dmel\Duox,"Cy, dDuox, Curly, l(2)23Bb"
FBgn0020307,Dmel\dve,l(2)01738
FBgn0066365,Dmel\dyl,
FBgn0039411,Dmel\dysf,"dys, cranky, dNXFL"
FBgn0000411,Dmel\D,"fish, fish-hook, DM23, DM36, DM33"
FBgn0002592,Dmel\E(spl)m2-BFM,"m2, E(spl)m2, E(spl) region transcript m2, E(spl)"
FBgn0002609,Dmel\E(spl)m3-HLH,"m3, E(spl)m3, HLHm3, E(spl)C m3, E(spl)-m3"
FBgn0002629,Dmel\E(spl)m4-BFM,"m4, E(spl)m4, E(spl) region transcript m4"
FBgn0002631,Dmel\E(spl)m5-HLH,"m5, E(spl)m5, HLHm5, HLH-m5, E(spl) region transcript m5"
FBgn0002632,Dmel\E(spl)m6-BFM,"m6, E(spl)m6, HLHm6, E(spl) region transcript m6"
FBgn0002633,Dmel\E(spl)m7-HLH,"m7, E(spl)m7, HLHm7, E(spl) region transcript m7, HLH-m7"
FBgn0000591,Dmel\E(spl)m8-HLH,"m8, E(spl)m8, E(spl), Enhancer of split, E(spl)-m8"
FBgn0002732,Dmel\E(spl)mα-BFM,"mα, E(spl)mα, malpha, E(spl)malpha, E(spl) region transcript mα"
FBgn0002733,Dmel\E(spl)mβ-HLH,"E(spl)mβ, mβ, HLHmβ, HLHmbeta, E(spl)mbeta"
FBgn0002734,Dmel\E(spl)mδ-HLH,"mδ, E(spl)mδ, HLHmdelta, HLHmδ, E(spl) region transcript mδ"
FBgn0002735,Dmel\E(spl)mγ-HLH,"mγ, E(spl)mγ, HLHmγ, HLHmgamma, E(spl) region transcript mγ"
FBgn0011766,Dmel\E2f1,"E2F, dE2F1, dE2F, E(var)3-93E, drosE2F1"
FBgn0008646,Dmel\E5,
FBgn0026439,Dmel\Eaat1,"dEAAT1, glutamate transporter, Dglt-1"
FBgn0026438,Dmel\Eaat2,dEAAT2
FBgn0026441,Dmel\ear,"ENL/AF-9, ENL/AF9"
FBgn0243514,Dmel\eater,
FBgn0035153,Dmel\ebd1,Earthbound
FBgn0000546,Dmel\EcR,"EcR-B1, EcRB1, DmEcR, EcR-A, ecdysteroid receptor"
FBgn0260746,Dmel\Ect3,anon-87Ag
FBgn0000552,Dmel\Edg84A,"EDG84, EDG-84A, cc1, EDG-84"
FBgn0023214,Dmel\edl,"mae, l(2)k06602, modulator of the activity of Ets"
FBgn0003731,Dmel\Egfr,"DER, top, flb, Elp, torpedo"
FBgn0034885,Dmel\Eglp4,
FBgn0000560,Dmel\eg,"egon, egl, spy"
FBgn0000564,Dmel\Eh,"DMEHAB, Drm-EH"
FBgn0001942,Dmel\eIF4A,"eIF-4a, l(2)gdh-4, l(2L)162, deIF4A, l(2)k01501"
FBgn0000567,Dmel\Eip74EF,"E74, E74A, E74B, ECIP, Eip74"
FBgn0000568,Dmel\Eip75B,"E75, E75A, E75B, E75C, l(3)neo25"
FBgn0004865,Dmel\Eip78C,"E78, E78B, E78A, NR1E1, nuclear hormone receptor"
FBgn0264490,Dmel\Eip93F,"E93, lincRNA.833, l(3)ry93, l(3)93, psg11"
FBgn0260400,Dmel\elav,"embryonic lethal, abnormal vision, EC7, embryonic lethal abnormal visual system,  EG:65F1.2 , l(1)1Be"
FBgn0004858,Dmel\elB,"el, elbow,  BG:DS06238.3"
FBgn0000575,Dmel\emc,"l(3)05592, ms(3)61CD, extramacrochaete, gov, Ach"
FBgn0000576,Dmel\ems,
FBgn0000577,Dmel\en,"Eng, en1, spermatheca, spt"
FBgn0025936,Dmel\Eph,"dek, lincRNA.923, Eph receptor, Deph, CT3831"
FBgn0031375,Dmel\erm,"dFezf, dfezl"
FBgn0035849,Dmel\ERR,dERR
FBgn0263934,Dmel\esn,Dm_2R:11728
FBgn0000592,Dmel\Est-6,"Est6, Est, Est-D"
FBgn0038874,Dmel\ETHR,ETH receptor
FBgn0028738,Dmel\ETH,"Drm-ETH-2, Drm-ETH-1, ETH1, ETH2, ETH-1"
FBgn0005660,Dmel\Ets21C,D-ets-6
FBgn0005658,Dmel\Ets65A,"D-ets-3, Ets"
FBgn0005659,Dmel\Ets98B,"D-ets4, D-ets-4"
FBgn0000606,Dmel\eve,"E(eve), l(2)46Ce, Complementation group F"
FBgn0005427,Dmel\ewg,"EC3,  EG:BACR37P7.7 , l(1)EC3, l(1)1Ag"
FBgn0000611,Dmel\exd,"Dpbx, lincRNA.S9404"
FBgn0041156,Dmel\exex,"Hb9, dHb9"
FBgn0004583,Dmel\ex,
FBgn0000320,Dmel\eya,"cli, clift, ey-2"
FBgn0000625,Dmel\eyg,"lune, lun, Eygone, BK27"
FBgn0005558,Dmel\ey,"Pax6, l(4)33, Pax-6, OK107, eye"
FBgn0000527,Dmel\e,
FBgn0029172,Dmel\Fad2,desatF
FBgn0000635,Dmel\Fas2,"FasII, Fasciclin II, Fas II, 1D4, FasciclinII"
FBgn0000636,Dmel\Fas3,"FasIII, Fasciclin III, Fas III, FasciclinIII, Fascicilin III"
FBgn0042627,Dmel\FASN2,"v(2)k05816, FASNCG3524, FAS"
FBgn0033609,Dmel\Fbl6,
FBgn0000639,Dmel\Fbp1,"Fbp-1, P1"
FBgn0038385,Dmel\Fbxl7,
FBgn0037760,Dmel\FBXO11,FBX011
FBgn0039937,Dmel\fd102C,
FBgn0031086,Dmel\fd19B,
FBgn0004896,Dmel\fd59A,FD3
FBgn0004898,Dmel\fd96Cb,FD5
FBgn0045063,Dmel\fdl,l(2)k17040
FBgn0030090,Dmel\fend,ld14
FBgn0037475,Dmel\Fer1,
FBgn0038402,Dmel\Fer2,
FBgn0000723,Dmel\FER,"Fps85D, dfps85D, DmHD-179, Dfer, FPS"
FBgn0085397,Dmel\Fili,
FBgn0035498,Dmel\Fit1,
FBgn0030594,Dmel\fiz,
FBgn0000659,Dmel\fkh,"Secretion enhancer-binding protein 2, Sebp2"
FBgn0033079,Dmel\Fmo-2,
FBgn0028734,Dmel\Fmr1,"dfmr1, dFMRP, FMRP, dfxr, dfmr"
FBgn0035385,Dmel\FMRFaR,"FR, FMRFa-R, larval-opioid-receptor"
FBgn0000715,Dmel\FMRFa,"Fmrf, dFMRFa, FMRFamide-related, dFMRFamide, DPKQDFMRFamide"
FBgn0011591,Dmel\fng,l(3)rG554
FBgn0263773,Dmel\fok,"38B.11, noncoding_3938"
FBgn0036134,Dmel\FoxK,"Mnf, fd68A"
FBgn0004895,Dmel\FoxL1,"fd64A, FD2"
FBgn0038197,Dmel\foxo,"dFOXO, forkhead box sub-group O, Forkhead box O, FKHR, forkhead transcription factor"
FBgn0262477,Dmel\FoxP,"fd85E, forkhead domain 85E"
FBgn0011592,Dmel\fra,DCC
FBgn0030897,Dmel\Frq1,"Frq, frequenin, HL-II"
FBgn0083228,Dmel\Frq2,"Frq, dNCS-1"
FBgn0004652,Dmel\fru,"satori, sat, BTB-VI"
FBgn0262743,Dmel\Fs(2)Ket,"Ketel, MRE26, importin-β, importin β, imp-β"
FBgn0001078,Dmel\ftz-f1,"βFTZ-F1, ftzf1, ftz-f1α, β FTZ-F1, NR5A3"
FBgn0001077,Dmel\ftz,Dm-Ftz
FBgn0044872,Dmel\FucTC,
FBgn0004509,Dmel\Fur1,"Dfur1, Dfurin1, dKLIP-1, Furin, l(3)rL205"
FBgn0004373,Dmel\fwd,
FBgn0001083,Dmel\fw,"wrinkled, wr"
FBgn0016797,Dmel\fz2,"Dfz2, Dfrz2, fz-2, DFz-2, Dfrizzled2"
FBgn0027343,Dmel\fz3,"Dfz3,  EG:34F3.6 , Dfrizzled-3"
FBgn0262699,Dmel\fzr,"Cdh1, rap, retina aberrant in pattern, Rap/Fzr, redax"
FBgn0001085,Dmel\fz,"Fz1, Dfz1, DFz, Frizzled 1, frz"
FBgn0040372,Dmel\G9a,"dG9a,  EG:BACR37P7.2 , EHMT"
FBgn0260446,Dmel\GABA-B-R1,"GABABR1, GABAB-R1,  BG:DS00929.6 , GABAB-R"
FBgn0027575,Dmel\GABA-B-R2,"GABABR2, GABAB-R2, GBR, GABABR2"
FBgn0031275,Dmel\GABA-B-R3,"GABABR3, GABAB-R3"
FBgn0004516,Dmel\Gad1,"Gad, glutamic acid decarboxylase, DGad1, glutamatic acid decarboxylase, l(3)64An"
FBgn0001122,Dmel\Gαo,"G-oα47A, G-oalpha47A, Go, Goα, Gαo"
FBgn0004435,Dmel\Gαq,"dgq, Gqα, Gα49B, Galpha49B, Gq"
FBgn0032223,Dmel\GATAd,dGATAd
FBgn0039915,Dmel\Gat,
FBgn0001105,Dmel\Gβ13F,"Gβ, G-beta, Gb13F, G protein beta-subunit 13F, Gbb"
FBgn0004623,Dmel\Gβ76C,"Gβe, Gbe, Gβe, Gβ"
FBgn0014179,Dmel\gcm,"glide/gcm, glide, glial cell missing, glial cell deficient"
FBgn0050115,Dmel\GEFmeso,
FBgn0050011,Dmel\gem,
FBgn0004921,Dmel\Gγ1,"Gγ, D-Gγ1, bro4, l(2)k08017, G protein gamma 1"
FBgn0267252,Dmel\Gγ30A,"Gγ, G protein γ30A, Gγe, Gγe, lincRNA.S701"
FBgn0039098,Dmel\GILT3,
FBgn0250823,Dmel\gish,"Spider, ms(3)89B, Hrr25,  NEST:bs27c08 , CKIγ"
FBgn0015229,Dmel\glec,
FBgn0024963,Dmel\GluClα,"GluCl, DrosGluCl-α, DrosGluCl, glc, GluCla"
FBgn0004619,Dmel\GluRIA,"Glu-RI, DGluR-I, Glutamate receptor I, Glu-R1, GluR1"
FBgn0264000,Dmel\GluRIB,"Glu-RIB, DGluR-IB, Glu-R1B,  Dm_3L:43677"
FBgn0264574,Dmel\Glut1,"DmGluT1, l(3)S007412, Glut-1, glucose transporter"
FBgn0267336,Dmel\Glut4EF,"stretch, stretched out,  BcDNA:GH25505 ,  BcDNA:GM06804"
FBgn0004618,Dmel\gl,none
FBgn0004913,Dmel\Gnf1,"RfC140, RFC"
FBgn0052227,Dmel\gogo,
FBgn0004919,Dmel\gol,g1
FBgn0261988,Dmel\Gprk2,nosh
FBgn0041250,Dmel\Gr21a,Gr21D1
FBgn0265138,Dmel\Gr22c,Gr2940.3
FBgn0045497,Dmel\Gr22e,Gr2940.1
FBgn0041249,Dmel\Gr22f,"Gr22B1, GR22B.1"
FBgn0041247,Dmel\Gr28a,Gr28A2
FBgn0045495,Dmel\Gr28b,"Gr28b.a, Gr28b.d, Gr28b.e, Gr28bA, Gr28bD"
FBgn0265139,Dmel\Gr2a,"EG:BACN32G11.1 , Gr2B1"
FBgn0041246,Dmel\Gr32a,Gr32D1
FBgn0264556,Dmel\Gr39a,"Gr39a.d, Gr39a.a, Gr39a.b, Gr39aA, Gr39aD"
FBgn0041242,Dmel\Gr47a,"Gr47A1, 47A1"
FBgn0045482,Dmel\Gr59b,"Gr59D3, Gr59C1"
FBgn0003747,Dmel\Gr5a,"Tre, Gr5A1, han, trehalose receptor"
FBgn0035167,Dmel\Gr61a,Gr61D1
FBgn0052255,Dmel\Gr64f,"Gr64A3, Gr64"
FBgn0035870,Dmel\Gr66a,Gr66C1
FBgn0041231,Dmel\Gr68a,
FBgn0041225,Dmel\Gr94a,Gr94E1
FBgn0001134,Dmel\Grd,
FBgn0259211,Dmel\grh,"NTF-1, Elf-1, Gh, l(2)06850, Elf1"
FBgn0015946,Dmel\grim,
FBgn0001138,Dmel\grn,"GATAc, gra, dGATAc, l(3)84Fa, Gata-c"
FBgn0001145,Dmel\Gs2,GsII
FBgn0001147,Dmel\gsb-n,"gsb-p, gsb, gsbn, BSH4, gsb-neuro"
FBgn0001148,Dmel\gsb,"gsb-d, BSH9, l(2)01155"
FBgn0010323,Dmel\Gsc,"D-gsc, l(2)05341, 60Mun2, Muenster 72"
FBgn0037697,Dmel\GstZ2,
FBgn0001150,Dmel\gt,EG:BACH7M4.5
FBgn0010825,Dmel\Gug,"Atro, Atrophin, l(3)03928, l(3)01323"
FBgn0026239,Dmel\gukh,
FBgn0026238,Dmel\gus,
FBgn0266136,Dmel\Gyc76C,"l(3)76BDl, DrGC-1, gimli, drgc"
FBgn0013972,Dmel\Gycα99B,"dgc1, dgcα1, SGCα, dgca1, Gcα1"
FBgn0013973,Dmel\Gycβ100B,"dgcb1, Gycβ-100B"
FBgn0016660,Dmel\H15,"nmr, nmr1, neuromancer, neuromancer 1, neuromancer1"
FBgn0001170,Dmel\H2.0,
FBgn0045852,Dmel\ham,
FBgn0032209,Dmel\Hand,"dHand, hand-C"
FBgn0026575,Dmel\hang,BcDNA:LD22118
FBgn0008636,Dmel\hbn,
FBgn0001180,Dmel\hb,Rg-pbx
FBgn0005619,Dmel\Hdc,
FBgn0030437,Dmel\hec,
FBgn0052529,Dmel\Hers,
FBgn0001186,Dmel\Hex-A,"HEX, HexA, hexokinase, HK, HK-A"
FBgn0027788,Dmel\Hey,Hesr-1
FBgn0028430,Dmel\He,"Gustav, hem"
FBgn0040211,Dmel\hgo,
FBgn0040318,Dmel\HGTX,"Nkx6, Nk6"
FBgn0038852,Dmel\HHEX,
FBgn0004644,Dmel\hh,"bar-3, l(3)neo56, Mrt"
FBgn0003997,Dmel\hid,"W, Wrinkled, l(3)05014"
FBgn0030900,Dmel\Him,
FBgn0035142,Dmel\Hipk,HIPK2
FBgn0037950,Dmel\HisCl1,hclB
FBgn0261434,Dmel\hkb,"gurtelchen, gurt"
FBgn0263220,Dmel\Hk,"lincRNA.975,  Dm_X:51771"
FBgn0011277,Dmel\HLH4C,
FBgn0022740,Dmel\HLH54F,bHLH54F
FBgn0026582,Dmel\Hmg-2,BEST:LD07122
FBgn0029167,Dmel\Hml,CT21553
FBgn0038607,Dmel\hmw,
FBgn0264005,Dmel\Hmx,
FBgn0004914,Dmel\Hnf4,"dHNF4, HNF4α, NHF4, NR2A4, Hnf-4"
FBgn0267791,Dmel\HnRNP-K,"bl, Hrb57A, bancal, hnRNP K, Q18"
FBgn0264491,Dmel\how,"who, struthio, l(3)j5B5, Who/How, 24B"
FBgn0014859,Dmel\Hr38,"DHR38, 38E.7, 38E.3, NR4A4"
FBgn0261239,Dmel\Hr39,"DHR39, ftz-F1β, fs(2)neo8, NR5B1, fs(2)04443"
FBgn0264562,Dmel\Hr4,"DHR4, EP1232,  EG:133E12.2 ,  EG:BACH61I5.1 , NR6A2"
FBgn0034012,Dmel\Hr51,"unf, DHR51, unfulfilled, Nr2e3"
FBgn0037436,Dmel\Hr83,"DHR83, NR2E5"
FBgn0015240,Dmel\Hr96,"DHR96, NR1J1"
FBgn0053147,Dmel\Hs3st-A,lincRNA.S3111
FBgn0038755,Dmel\Hs6st,"dHS6ST, 6-O sulfotransferase"
FBgn0001222,Dmel\Hsf,"dHSF, l(2)03091, heat-shock transcription factor, HSF1, Dm-Hsf"
FBgn0001224,Dmel\Hsp23,"23, DmHsp23"
FBgn0001225,Dmel\Hsp26,"DmHsp26, Hsp 26, 26"
FBgn0001226,Dmel\Hsp27,"Hsp28, DmHsp27, Dhsp27, Hsp 27"
FBgn0013275,Dmel\Hsp70Aa,"hsp70, Hsp70A, hsp-70, hsp70 87A, heat-shock protein 70"
FBgn0013276,Dmel\Hsp70Ab,"hsp70, Hsp70A, hsp-70, heat-shock protein 70"
FBgn0013277,Dmel\Hsp70Ba,"hsp70, Hsp70B, hsp-70, hsp70 87C, heat-shock protein 70"
FBgn0051354,Dmel\Hsp70Bbb,"Hsp70, hsp70B, heat-shock protein 70"
FBgn0013278,Dmel\Hsp70Bb,"hsp70, Hsp70B, heat-shock protein 70, hsp-70, Hsp70Bc"
FBgn0013279,Dmel\Hsp70Bc,"hsp70, Hsp70B, heat-shock protein 70, hsp-70"
FBgn0001233,Dmel\Hsp83,"Hsp90, hsp82, l(3)j5C2, E(sev)3A, ms(3)08445"
FBgn0001235,Dmel\hth,"dorsotonals, dtl, P53, anon- EST:Liang-2.13"
FBgn0010389,Dmel\htl,"DFR1, FGFR, FGF receptor, fibroblast growth factor receptor, DmHD-38"
FBgn0028374,Dmel\Hug,"Drm-PK-2, pyrokinin-2, hug-γ, hugγ, pyrokinin"
FBgn0033968,Dmel\hui,
FBgn0001168,Dmel\h,l(3)08247
FBgn0001941,Dmel\ifc,"des, l(2)gdh-2, degenerative spermatocyte, Des1, DES-1"
FBgn0001250,Dmel\if,"αPS2, αPS2, PS2, αPS2 integrin, PS2α"
FBgn0013467,Dmel\igl,
FBgn0036046,Dmel\Ilp2,"dilp2, Dilp 2, DILP, dilp-2, Ilp-2"
FBgn0044050,Dmel\Ilp3,"dilp3, Dilp 3, DILP-3, Ilp-3, Dilp"
FBgn0044049,Dmel\Ilp4,"dilp4, mes3, Dilp, anon- EST:CLB3 , DILP 4"
FBgn0001253,Dmel\ImpE1,IMP-E1
FBgn0025394,Dmel\inc,EG:196F3.2
FBgn0025776,Dmel\ind,
FBgn0011603,Dmel\ine,rosA
FBgn0283499,Dmel\InR,"dInR, insulin receptor, DIR, sprout, IR"
FBgn0034224,Dmel\insb,
FBgn0001269,Dmel\inv,"in, engrailed-related"
FBgn0016672,Dmel\Ipp,
FBgn0039879,Dmel\Ir100a,
FBgn0083979,Dmel\Ir10a,
FBgn0030385,Dmel\Ir11a,
FBgn0031181,Dmel\Ir20a,
FBgn0031209,Dmel\Ir21a,
FBgn0031634,Dmel\Ir25a,
FBgn0051718,Dmel\Ir31a,
FBgn0259683,Dmel\Ir40a,
FBgn0040849,Dmel\Ir41a,
FBgn0033515,Dmel\Ir47a,
FBgn0033648,Dmel\Ir48b,
FBgn0033651,Dmel\Ir48c,Tango3
FBgn0050081,Dmel\Ir51b,
FBgn0034023,Dmel\Ir52a,
FBgn0050469,Dmel\Ir52b,
FBgn0050468,Dmel\Ir52c,
FBgn0050464,Dmel\Ir52d,
FBgn0034457,Dmel\Ir56c,
FBgn0034458,Dmel\Ir56d,
FBgn0259185,Dmel\Ir60b,
FBgn0259186,Dmel\Ir60c,
FBgn0259187,Dmel\Ir60d,
FBgn0035019,Dmel\Ir60e,
FBgn0036010,Dmel\Ir67a,
FBgn0036083,Dmel\Ir67b,
FBgn0052058,Dmel\Ir67c,
FBgn0036150,Dmel\Ir68a,
FBgn0036757,Dmel\Ir75a,
FBgn0261402,Dmel\Ir75b,
FBgn0261401,Dmel\Ir75c,
FBgn0036829,Dmel\Ir75d,
FBgn0260874,Dmel\Ir76a,
FBgn0036937,Dmel\Ir76b,
FBgn0029961,Dmel\Ir7a,
FBgn0029965,Dmel\Ir7b,
FBgn0029966,Dmel\Ir7c,
FBgn0259190,Dmel\Ir7d,
FBgn0259189,Dmel\Ir7e,
FBgn0037501,Dmel\Ir84a,
FBgn0037630,Dmel\Ir85a,
FBgn0052704,Dmel\Ir8a,
FBgn0038789,Dmel\Ir92a,
FBgn0259215,Dmel\Ir93a,
FBgn0051164,Dmel\Ir94a,
FBgn0051424,Dmel\Ir94b,
FBgn0259193,Dmel\Ir94d,
FBgn0259194,Dmel\Ir94e,
FBgn0039079,Dmel\Ir94g,
FBgn0039080,Dmel\Ir94h,
FBgn0035023,Dmel\ITP,"DrmITP, DrmITPL2, DrmITPL1"
FBgn0001280,Dmel\janA,"janus, Y"
FBgn0001281,Dmel\janB,janus
FBgn0036004,Dmel\Jarid2,l(3)j2B8
FBgn0011225,Dmel\jar,"Myosin VI, Mhc95F, 95F myosin, MyoVI, Myosin heavy chain at 95F"
FBgn0086677,Dmel\jeb,l(2)k05644
FBgn0033958,Dmel\jef,
FBgn0028841,Dmel\jhamt,"BG:DS09218.5 , DmJHAMT"
FBgn0039350,Dmel\jigr1,
FBgn0027339,Dmel\jim,"ovfc.K, ovk"
FBgn0086655,Dmel\jing,"1.28, l(2)01094, rhumba, l(2)22F3"
FBgn0001291,Dmel\Jra,"jun, Djun, D-Jun, AP-1, c-Jun"
FBgn0015396,Dmel\jumu,"Dom, jumeaux, Domina, l(3)06142, l(3)06439"
FBgn0039647,Dmel\jus,"sda, slamdance"
FBgn0035144,Dmel\Kah,
FBgn0027596,Dmel\Kank,
FBgn0040208,Dmel\Kat60,katanin
FBgn0001297,Dmel\kay,"Fos, Dfos, AP-1, D-Fos, AP1"
FBgn0037659,Dmel\Kdm2,"dKDM2, Lysine (K)-specific demethylase 2, JHDM1"
FBgn0011236,Dmel\ken,"Ken & Barbie, okina, ok"
FBgn0262127,Dmel\kibra,"kib, Kbr, l(3)02404"
FBgn0028369,Dmel\kirre,"duf, dumbfounded, Duf/Kirre, Dumbfounded/Kirre"
FBgn0001311,Dmel\kkv,"DmCS-1, l(3)82Fh, blimp, CS-1, chitin synthase-1"
FBgn0017590,Dmel\klg,l(3)rN712
FBgn0013469,Dmel\klu,"l(3)10052, l(3)09036"
FBgn0001320,Dmel\kni,"ri, radius incompletus"
FBgn0001321,Dmel\knk,"gnar, dyspneic"
FBgn0001323,Dmel\knrl,"knirps-related, knirps related"
FBgn0001319,Dmel\kn,"col, collier, collier/knot, knotted"
FBgn0020294,Dmel\ko,
FBgn0266450,Dmel\Kr-h1,"Kr-h, Pow, Passion of white, l(2)10642"
FBgn0020647,Dmel\KrT95D,
FBgn0001325,Dmel\Kr,If
FBgn0015721,Dmel\ktub,"Tulp, tubby-like protein, dTULP,  ESTS:87D3S"
FBgn0038476,Dmel\kuk,
FBgn0002121,Dmel\l(2)gl,"lgl, lethal giant larvae, p127, dlgl, p127l(2)gl"
FBgn0002441,Dmel\l(3)mbt,"dL(3)mbt, mbt"
FBgn0265276,Dmel\l(3)neo38,
FBgn0002522,Dmel\lab,"F90-2, F24"
FBgn0002526,Dmel\LanA,"laminin, lamA, laminin α, Lan, hdln"
FBgn0261800,Dmel\LanB1,"laminin, Laminin B1, laminin β, EP-600, LamininB1"
FBgn0267348,Dmel\LanB2,"laminin, laminin γ, knod, knodel, l(3)67BDb"
FBgn0011278,Dmel\lbe,"ladybird, lb"
FBgn0008651,Dmel\lbl,"lb, ladybird"
FBgn0016032,Dmel\lbm,lbl
FBgn0010240,Dmel\Lcch3,
FBgn0016650,Dmel\Lgr1,"DLGR1, TSH, FSH, LH/CG receptor, DLGR-1, Fsh"
FBgn0039354,Dmel\Lgr3,DLGR3
FBgn0031759,Dmel\Kdm5,"lid, little imaginal discs, l(2)10424, dKDM5/LID"
FBgn0041111,Dmel\lilli,"l(2)00632, Su(Raf)2A, l(2)23Cc, SS2-1, AFF4"
FBgn0026411,Dmel\Lim1,"dlim1, dlim-1, Lim kinase,  BcDNA:GH04929"
FBgn0002023,Dmel\Lim3,l(2)37Bd
FBgn0035626,Dmel\lin-28,
FBgn0033855,Dmel\link,
FBgn0023496,Dmel\Lip1,
FBgn0032264,Dmel\Lip4,dLip4
FBgn0034720,Dmel\Liprin-γ,
FBgn0015754,Dmel\Lis-1,"Lis1, DLis-1, DLis1, l(2)k13209, Paf-AHβ"
FBgn0017581,Dmel\Lk6,
FBgn0035610,Dmel\Lkr,"LK-R, Kinin receptor"
FBgn0039039,Dmel\lmd,"minc, gfl, gleeful, myoblasts incompetent"
FBgn0261565,Dmel\Lmpt,
FBgn0034520,Dmel\lms,
FBgn0052105,Dmel\Lmx1a,
FBgn0020556,Dmel\lncRNA:bxd,bxd
FBgn0052111,Dmel\lncRNA:CR32111,
FBgn0052835,Dmel\lncRNA:CR32835,
FBgn0265715,Dmel\lncRNA:CR44522,
FBgn0265719,Dmel\lncRNA:CR44526,
FBgn0083990,Dmel\lncRNA:sphinx,"sphinx, spx"
FBgn0020278,Dmel\loco,
FBgn0283521,Dmel\lola,"eyeful, btb, BTB-IV, longitudinal lacking, misguided"
FBgn0266129,Dmel\lov,"Tkr, BTB-III, dTKR, Tyrosine kinase-related protein, 91Y"
FBgn0032633,Dmel\Lrch,
FBgn0030706,Dmel\Lrp4,
FBgn0002562,Dmel\Lsp1α,"LSP-1α, Lsp1, LSP-1, DmeLSP1a, Larval serum protein 1 alpha"
FBgn0002563,Dmel\Lsp1β,"LSP-1β, Lsp1, LSP-1, Larval serum protein 1 beta, Lsp1β"
FBgn0268063,Dmel\ltl,"l(3)tr, lethal translucida, lincRNA.S4366"
FBgn0020277,Dmel\lush,Obp76a
FBgn0262871,Dmel\lute,
FBgn0002576,Dmel\lz,fs(1)M69
FBgn0000037,Dmel\mAChR-A,"mAChR, mAcR-60C, DM1, Acr60C, muscarinic Acetylcholine Receptor 60C"
FBgn0037546,Dmel\mAChR-B,B-type mAChR
FBgn0010100,Dmel\mAcon1,"Acon, Aconitase, mitochondrial aconitase, m-aconitase, ACON-1"
FBgn0011648,Dmel\Mad,"pMad, Mothers Against Decapentaplegic, Smad, dMad, Mother against decapentaplegic"
FBgn0267033,Dmel\mamo,lincRNA.990
FBgn0002643,Dmel\mam,N-2G
FBgn0038965,Dmel\mats,
FBgn0015513,Dmel\mbc,"Dock180, Su(rac)1"
FBgn0265487,Dmel\mbl,"mm, cht, chaste, l(2)01038, l(2)k01212"
FBgn0004512,Dmel\Mdr49,Mes5
FBgn0004513,Dmel\Mdr65,"Multiple drug resistance 65, P-glycoprotein, P-gp"
FBgn0011656,Dmel\Mef2,"Dmef2, D-mef2, Myocyte enhancing factor 2, Mef-2, Dmef"
FBgn0023001,Dmel\melt,
FBgn0031855,Dmel\meng,PKN
FBgn0052150,Dmel\meru,
FBgn0034726,Dmel\PolE4,"Mes4, NF-Yc"
FBgn0043070,Dmel\MESK2,l(2)01467
FBgn0040089,Dmel\meso18E,
FBgn0032694,Dmel\MESR3,
FBgn0004456,Dmel\mew,"αPS1, αPS1, PS1, PS1α, αPS1 integrin"
FBgn0004228,Dmel\mex1,
FBgn0039851,Dmel\mey,
FBgn0260745,Dmel\mfas,anon-87Af
FBgn0050272,Dmel\MFS1,
FBgn0038799,Dmel\MFS9,
FBgn0019985,Dmel\mGluR,"DmGluRA, mGluRA, Glu-RA, DmGluRA"
FBgn0264695,Dmel\Mhc,"myosin, ifm(2)RU2, MRP, muscle myosin heavy chain, Sht"
FBgn0263601,Dmel\mib1,"D-mib, l(3)72CDa, Dmib, mib, Mindbomb"
FBgn0086442,Dmel\mib2,"l(2)37Be, Be, D-mibl"
FBgn0261963,Dmel\mid,"nmr2, neuromancer2, extra, lost in space, los"
FBgn0262872,Dmel\milt,l(2)k04704
FBgn0031399,Dmel\mio,
FBgn0027111,Dmel\miple1,miple
FBgn0036713,Dmel\Mip,"drostatin-B2, AstB, AstB-1, myoinhibitory peptide, Allatostatin B"
FBgn0262398,Dmel\mir-124,dme-miR-124
FBgn0262447,Dmel\mir-14,"dme-miR-14, mir14, l(2)k10213"
FBgn0262391,Dmel\mir-184,"dme-mir-184, mir-184S, miR-184*, miR-184-3p"
FBgn0262455,Dmel\mir-1,"dme-mir-1, dmiR-1"
FBgn0262448,Dmel\mir-279,"dme-miR-279, miR279"
FBgn0262380,Dmel\mir-309,dme-mir-309
FBgn0262370,Dmel\mir-7,"dme-mir-7, microRNA-7, mir7"
FBgn0262451,Dmel\mir-ban,"ban, dme-bantam, EP3208"
FBgn0021776,Dmel\mira,Mir
FBgn0014343,Dmel\mirr,"iro, Iro-C, iroquois, mrr, Sail"
FBgn0263112,Dmel\Mitf,"TFEB, dMitf"
FBgn0002773,Dmel\Mlc2,"RLC, MRLC, Dmlc2, myosin regulatory light chain, Ifm(3)99Eb"
FBgn0263490,Dmel\mld,"DTS-3, l(3)3DTS"
FBgn0035049,Dmel\Mmp1,"MMP-1, dMMP1, l(2)k04809, matrix metalloprotease 1, Dm1-MMP"
FBgn0023215,Dmel\Mnt,"dMnt, dMad, Mad, Mad-3E,  EG:114E2.2"
FBgn0263241,Dmel\Mocs1,lxd
FBgn0002780,Dmel\mod,ms(3)100EF
FBgn0025631,Dmel\moody,"EG:22E5.11 , EP1631"
FBgn0260660,Dmel\Mp,dmp
FBgn0052296,Dmel\Mrtf,"DMRTF, mal-d, mal"
FBgn0010909,Dmel\msn,"l(3)06946, l(3)j1E2, Mishappen, NIK"
FBgn0020269,Dmel\mspo,
FBgn0015766,Dmel\Msr-110,
FBgn0035331,Dmel\MsR1,DmsR-1
FBgn0264002,Dmel\MsR2,"DmsR-2, Dromyosuppressin receptor 2"
FBgn0000565,Dmel\MsrA,"Eip28/29, Eip71CD, Ecdysone-induced protein 28/29kD"
FBgn0086681,Dmel\Mst36Fa,
FBgn0261349,Dmel\Mst36Fb,
FBgn0011669,Dmel\Mst57Db,
FBgn0086915,Dmel\Mst77F,"ms(3)nc3, 18c, nc3"
FBgn0004172,Dmel\Mst84Da,
FBgn0004173,Dmel\Mst84Db,
FBgn0002862,Dmel\Mst87F,mst(3)gl-9
FBgn0011581,Dmel\Ms,"DMS, Dromyosuppressin, Drm-MS, TDVDHVFLRFamide, Nems"
FBgn0027951,Dmel\MTA1-like,"MTA-like, dMTA1-like, MTA1, MTA"
FBgn0030766,Dmel\mthl1,mist
FBgn0052475,Dmel\mthl8,
FBgn0014865,Dmel\Mtk,"Metch, DIM 17"
FBgn0039532,Dmel\Mtl,"Rac, Rac GTPase"
FBgn0004177,Dmel\mts,"PP2A, PP2A-C, protein phosphatase 2A, PP2Ac, PP2A catalytic subunit"
FBgn0050361,Dmel\mtt,"mXr, DmXR"
FBgn0260789,Dmel\mxc,"l(1)mbn, MPM2"
FBgn0262656,Dmel\Myc,"dMyc, dm, diminutive, d-myc, c-Myc"
FBgn0004657,Dmel\mys,"βPS, βPS integrin, β-integrin, βPS-integrin, βPS"
FBgn0002577,Dmel\m,
FBgn0259986,Dmel\nab,"l(3)64Aj, dnab"
FBgn0000036,Dmel\nAChRα1,"ALS, Dα1, nAcRalpha-96Aa, nAcRα-96Aa, Acr96Aa"
FBgn0000039,Dmel\nAChRα2,"Dα2, SAD, nAcRα-96Ab, nAcRalpha-96Ab, Da2"
FBgn0015519,Dmel\nAChRα3,"Dα3, nACRalpha-7E, nAcRα-7E, nAChR, Drosophila alpha-like subunit 3"
FBgn0266347,Dmel\nAChRα4,"Dα4, nAChR, nAcRalpha-80B, nAcRα-80B, redeye"
FBgn0028875,Dmel\nAChRα5,"Dα5,  BG:DS05899.4 , nAcRalpha-34E, nAcRα-34E,  BG:DS05899.5"
FBgn0032151,Dmel\nAChRα6,"Dα6, nAcRα-30D, nAcRalpha-30D, nicotinic Acetylcholine Receptor α 30D, rsn"
FBgn0086778,Dmel\nAChRα7,"Dα7, gfA, nAcRα-18C, nAChR, giant fibre A"
FBgn0000038,Dmel\nAChRβ1,"ARD, nAcRβ-64B, Dβ1, nAcRbeta-64B, nAChR"
FBgn0004118,Dmel\nAChRβ2,"SBD, Dβ2, nAcRbeta-96A, nAcRβ-96A, nAChR"
FBgn0036414,Dmel\nan,TRPV
FBgn0002922,Dmel\nau,"MyoD, Dmyd"
FBgn0286852,Dmel\naz,
FBgn0028704,Dmel\Nckx30C,
FBgn0259111,Dmel\Ndae1,l(2)k10316
FBgn0026403,Dmel\Ndg,Nidogen/entactin
FBgn0261617,Dmel\nej,"CBP, dCBP, CREB-binding protein, CREB binding protein, CBP/p300"
FBgn0029843,Dmel\Nep1,dNEP1
FBgn0028999,Dmel\nerfin-1,Nerfin
FBgn0015773,Dmel\NetA,"Netrin, CT27014"
FBgn0015774,Dmel\NetB,"Netrin, CT29512"
FBgn0002931,Dmel\net,
FBgn0037085,Dmel\Neu2,
FBgn0037447,Dmel\Neurochondrin,
FBgn0002932,Dmel\neur,"neu, Neuralised"
FBgn0030505,Dmel\NFAT,"EP1335, Misexpression Suppressor of Ras 1, MESR1, Rel domain protein"
FBgn0042696,Dmel\NfI,
FBgn0002933,Dmel\ng1,"ng-1, ngp, SC1, ng"
FBgn0040297,Dmel\Nhe2,DmNHE2
FBgn0041103,Dmel\nht,BG:DS07851.6
FBgn0002940,Dmel\ninaE,"Rh1, rhodopsin, Rhodopsin 1, Rhodopsin-1, Rh-1"
FBgn0024321,Dmel\NK7.1,
FBgn0051547,Dmel\NKCC,
FBgn0002945,Dmel\nkd,naked
FBgn0031866,Dmel\Nlg2,"neuroligin, dnlg2, dnl2"
FBgn0053513,Dmel\Nmdar2,"dNR2,  EG:80H7.7 , NR2"
FBgn0011817,Dmel\nmo,"Nlk, adk, Nemo-like kinase, adirondack"
FBgn0005771,Dmel\noc,"l(2)35Ba, l(2)br22, nocA, br22,  BG:DS04641.1"
FBgn0016919,Dmel\nompB,"IFT88, osm-5"
FBgn0016920,Dmel\nompC,"TRPN1, TRPN, jf24, l(2)jf24"
FBgn0004227,Dmel\nonA,"diss, no-on-transient A, Bj6, non-A, dissonance"
FBgn0262738,Dmel\norpA,"PLC, PLCβ, phospholipase C, PLC-β, MRE18"
FBgn0002962,Dmel\nos,"DRONANOS, l(3)j3B6"
FBgn0011676,Dmel\Nos,"dNOS, NO synthase"
FBgn0044028,Dmel\Notum,"wf, wingful, l(3)72CDf, l(3)72Da"
FBgn0013717,Dmel\not,l(3)02069
FBgn0024320,Dmel\Npc1a,"NPC1, dnpc1a, Niemann-Pick Type C-1"
FBgn0261675,Dmel\Npc1b,"R-9-28, 151, l(1)19Ec, l(1)R-9-28"
FBgn0037408,Dmel\NPFR,"NPFR1, DmNPFR1, NPF-R"
FBgn0027109,Dmel\NPF,"dNPF, Drm-NPF, Dm-NPF"
FBgn0035092,Dmel\Nplp1,"IPNamide, IPNa, APK, VQQ, MTYa"
FBgn0264975,Dmel\Nrg,"ceb, central brain deranged, CT4318, fs(1)M72, l(1)G0413"
FBgn0004108,Dmel\Nrt,"dab, BP106, disabled, Neur"
FBgn0015776,Dmel\nrv1,"Nrv, Nervana, Na,K-ATPase"
FBgn0015777,Dmel\nrv2,"l(2)k13315, Nervana, Nrv2.2, Na+/K+ ATPase, l(2)k04223"
FBgn0032946,Dmel\nrv3,
FBgn0013342,Dmel\nSyb,"n-syb, n-synaptobrevin, syb, synaptobrevin"
FBgn0032680,Dmel\Ntf-2r,Dntf-2r
FBgn0085424,Dmel\nub,"Pdm1, pdm-1, Pdm, POU domain protein 1, dPOU-19"
FBgn0002973,Dmel\numb,"nb, l(2)03235, dNumb"
FBgn0027868,Dmel\Nup107,"Nup170,  BcDNA:LD18761 , Nup"
FBgn0287185,Dmel\nvd,"l6, nvd-Dm, lethal 6, l(3)80Fc, l(3)Lh6"
FBgn0005636,Dmel\nvy,
FBgn0263456,Dmel\nwk,
FBgn0039852,Dmel\nyo,
FBgn0004647,Dmel\N,"Ax, spl, fa, NICD, Abruptex"
FBgn0024944,Dmel\Oamb,"GPCR, octopamine receptor"
FBgn0051634,Dmel\Oatp26F,
FBgn0284250,Dmel\Oaz,"l(2)03563,  Dm_2R:42259"
FBgn0030985,Dmel\Obp18a,18a
FBgn0031109,Dmel\Obp19a,19a
FBgn0031110,Dmel\Obp19b,19b
FBgn0031111,Dmel\Obp19c,19c
FBgn0033268,Dmel\Obp44a,
FBgn0034468,Dmel\Obp56a,56a
FBgn0046880,Dmel\Obp56b,56b
FBgn0046879,Dmel\Obp56c,56c
FBgn0034470,Dmel\Obp56d,56d
FBgn0034471,Dmel\Obp56e,56e
FBgn0034474,Dmel\Obp56g,56g
FBgn0034475,Dmel\Obp56h,56h
FBgn0043535,Dmel\Obp57a,"57a, Obp57c"
FBgn0043534,Dmel\Obp57b,57b
FBgn0034509,Dmel\Obp57c,"Obp57a, 57c"
FBgn0043536,Dmel\Obp57d,"Dmel\Obp57d, 57d, Obp57e"
FBgn0050145,Dmel\Obp57e,"Obp57d, 57e, Dmel\Obp57e"
FBgn0046878,Dmel\Obp83cd,"Obp83c, Obp83d, 83d, 83c"
FBgn0046876,Dmel\Obp83ef,"Obp83e, 83f, Obp83f"
FBgn0039678,Dmel\Obp99a,99a
FBgn0039685,Dmel\Obp99b,"tsx, 99b, Obp99d, turn on sex-specificity"
FBgn0039682,Dmel\Obp99c,Obp99b
FBgn0004514,Dmel\Oct-TyrR,"TyrR, l(3)neo30, hono, Ocr, octopamine/tyramine receptor"
FBgn0038653,Dmel\Octα2R,
FBgn0038980,Dmel\Octβ1R,"oa2, octopamine receptor 2, OctBeta1, DmOctβ1R"
FBgn0038063,Dmel\Octβ2R,"Dm_3R:45121 , DmOctβ2R"
FBgn0250910,Dmel\Octβ3R,"OctBeta3, DmOctβ3R"
FBgn0004102,Dmel\oc,"otd, orthodenticle, Otx, orthodentical, ort"
FBgn0002985,Dmel\odd,l(2)01863
FBgn0026058,Dmel\OdsH,
FBgn0004646,Dmel\ogre,"l(1)ogre, inx1, innexin 1"
FBgn0032651,Dmel\Oli,Doli
FBgn0028996,Dmel\onecut,
FBgn0003002,Dmel\opa,
FBgn0025360,Dmel\Optix,"opt, Six3, D-Six3, Dsix3"
FBgn0030298,Dmel\Or10a,
FBgn0030715,Dmel\Or13a,13a
FBgn0041626,Dmel\Or19a,
FBgn0062565,Dmel\Or19b,
FBgn0026398,Dmel\Or22a,"AN11, DOR22a, 22A.1, DmOr22a, Dor53"
FBgn0026397,Dmel\Or22b,"AN12, Dor67, 22A.2, DOR22A.2"
FBgn0026396,Dmel\Or22c,22c
FBgn0026395,Dmel\Or23a,AN5
FBgn0026394,Dmel\Or24a,"24a, Or24D.1"
FBgn0023523,Dmel\Or2a,"EG:30B8.7 , AN4, Olfactory receptor 2F.1"
FBgn0032096,Dmel\Or30a,30a
FBgn0026392,Dmel\Or33a,AN3
FBgn0026391,Dmel\Or33b,"AN1, 33b"
FBgn0026390,Dmel\Or33c,AN2
FBgn0028946,Dmel\Or35a,"35a,  BG:BACR44L22.5"
FBgn0033041,Dmel\Or42a,42a
FBgn0033043,Dmel\Or42b,42b
FBgn0026389,Dmel\Or43a,"AN14, DOR87"
FBgn0026393,Dmel\Or43b,"AN7, 43b"
FBgn0033404,Dmel\Or45a,45a
FBgn0026388,Dmel\Or46a,"Or46aA, Or46b, Or46aB, AN9, AN8"
FBgn0026386,Dmel\Or47a,"AN10, 47a, DOR24"
FBgn0026385,Dmel\Or47b,Or47E.2
FBgn0033727,Dmel\Or49a,49a
FBgn0028963,Dmel\Or49b,AN13
FBgn0034473,Dmel\Or56a,56a
FBgn0026384,Dmel\Or59a,"AN6, 59a"
FBgn0034865,Dmel\Or59b,
FBgn0034866,Dmel\Or59c,
FBgn0035382,Dmel\Or63a,63a
FBgn0041625,Dmel\Or65a,
FBgn0041624,Dmel\Or65b,
FBgn0041623,Dmel\Or65c,
FBgn0036009,Dmel\Or67a,"DmOr67a, 67a"
FBgn0036019,Dmel\Or67b,67b
FBgn0036078,Dmel\Or67c,67c
FBgn0036080,Dmel\Or67d,DmOr67d
FBgn0041622,Dmel\Or69a,"Or69aB, Or69b, Or69aA"
FBgn0036709,Dmel\Or74a,74a
FBgn0030016,Dmel\Or7a,7a
FBgn0041621,Dmel\Or82a,82a
FBgn0037322,Dmel\Or83a,83a
FBgn0037399,Dmel\Or83c,
FBgn0037576,Dmel\Or85a,85a
FBgn0037591,Dmel\Or85c,85c
FBgn0037594,Dmel\Or85d,
FBgn0026399,Dmel\Or85e,"Dor104, Odorant receptor 104"
FBgn0037685,Dmel\Or85f,"DmOr85f, 85f"
FBgn0038203,Dmel\Or88a,
FBgn0038798,Dmel\Or92a,
FBgn0039034,Dmel\Or94b,94b
FBgn0039551,Dmel\Or98a,98a
FBgn0030204,Dmel\Or9a,"DmOr9a, 9a"
FBgn0015270,Dmel\Orc2,"DmORC2, k43, l(3)K43, ORC, l(3)88Ab"
FBgn0034935,Dmel\Orcokinin,
FBgn0037324,Dmel\Orco,Or83b
FBgn0021767,Dmel\org-1,
FBgn0017561,Dmel\Ork1,"dORK, KCNK0, dORK1, d-ORK1, Open rectifier K+ channel 1"
FBgn0003011,Dmel\ort,"ora, hclA, HisCl2, Hist1"
FBgn0261885,Dmel\osa,"eld, eyelid, l(3)00090, C819"
FBgn0037409,Dmel\Osi24,
FBgn0004839,Dmel\otk,"Dtrk, Dtkr"
FBgn0015524,Dmel\otp,"W26, bk24"
FBgn0003023,Dmel\otu,"fs(1)231, K, fs(1)M101"
FBgn0003028,Dmel\ovo,"svb, shavenbaby, shaven baby, ovoD, ovo/svb"
FBgn0035101,Dmel\p130CAS,Dcas
FBgn0030341,Dmel\p24-1,p24
FBgn0039044,Dmel\p53,"Dmp53, dp53"
FBgn0020513,Dmel\Paics,"ade5, AIRc-SAICARs, AIR-carboxylase-SAICAR synthetase"
FBgn0060296,Dmel\pain,EP2251
FBgn0267698,Dmel\Pak,"DPAK, Pak1, Pak1 kinase, DmPAK1, p65PAK"
FBgn0085432,Dmel\pan,"dTCF, TCF, l(4)13, LEF-1, T cell factor"
FBgn0285944,Dmel\para,"bss, sbl, bang senseless, smellblind, olfD"
FBgn0051481,Dmel\pb,"l(3)04498, proposcipedia"
FBgn0003044,Dmel\Pcl,l(2)s1859
FBgn0005655,Dmel\PCNA,"mus209, l(2)02448, DmPCNA, dPCNA, mutagen-sensitive 209"
FBgn0041342,Dmel\Pcyt1,"Cct1, Cct,  CTP:phosphocholine  cytidylyltransferase 1, Phosphocholine cytidylyltransferase"
FBgn0003042,Dmel\Pc,"PcG, Pc-G"
FBgn0085370,Dmel\Pde11,
FBgn0264815,Dmel\Pde1c,
FBgn0266377,Dmel\Pde8,
FBgn0260753,Dmel\Pdfr,"han, PDF receptor,  EG:BACR25B3.3 , groom-of-pdf, PDF-receptor"
FBgn0023178,Dmel\Pdf,"PDH, PAP, cPDH, Drm-PDF, pigment-dispersing hormone"
FBgn0027601,Dmel\pdgy,BcDNA:GH02901
FBgn0004394,Dmel\pdm2,"pdm-2, pdm, miti, dPOU28, dPOU-28"
FBgn0261588,Dmel\pdm3,
FBgn0016694,Dmel\Pdp1,"Pdp1ε, pdp, Par domain protein 1ε, Pdp1&e;gr, Pdp1e"
FBgn0022770,Dmel\Peritrophin-A,
FBgn0003068,Dmel\per,"dper, Clk,  EG:155E2.4"
FBgn0004654,Dmel\Pgd,"6PGDH, 6PGD, 6-Pgd, 6-phosphogluconate dehydrogenase,  EG:87B1.4"
FBgn0035976,Dmel\PGRP-LC,"PGRP-LCx, PGRP-LCa, ird7"
FBgn0043578,Dmel\PGRP-SB1,"PGRP-SB, PGRP SB1"
FBgn0004860,Dmel\ph-d,"ph, Polyhomeotic,  EG:BACN25G24.3 , DROZFP, PHD"
FBgn0039776,Dmel\PH4αEFB,BcDNA:SD05564
FBgn0051014,Dmel\PH4αSG1,"PHαSG1, SG1"
FBgn0039779,Dmel\PH4αSG2,SG2
FBgn0264908,Dmel\pHCl-1,"pHCl, BP1024"
FBgn0025334,Dmel\PHDP,
FBgn0283509,Dmel\Phm,dPHM
FBgn0004959,Dmel\phm,"Cyp306a1, exo, Cyp306a1-Dm"
FBgn0013725,Dmel\phyl,"phy1, Su(Raf)2C"
FBgn0261811,Dmel\pico,"jog, john glenn"
FBgn0024943,Dmel\PIP82,
FBgn0003089,Dmel\pip,
FBgn0038201,Dmel\PK1-R,Pk1r
FBgn0038140,Dmel\PK2-R1,
FBgn0038139,Dmel\PK2-R2,
FBgn0000273,Dmel\Pka-C1,"PKA, DC0, DCO, PKAc, protein kinase A"
FBgn0003091,Dmel\Pkc53E,"PKC, protein kinase C, dPKC, dPKC53E(br), Pkc1"
FBgn0003093,Dmel\Pkc98E,"PKC, dPKC98F, protein kinase C, Pkc3, PKC 98F"
FBgn0004611,Dmel\Plc21C,"PLC, plc21"
FBgn0005626,Dmel\ple,"TH, tyrosine hydroxylase, DTH, Drosophila tyrosine hydroxylase, Tyrosone hydroxylase"
FBgn0003117,Dmel\pnr,"dGATAa, GATA"
FBgn0035229,Dmel\pns,
FBgn0003118,Dmel\pnt,"PntP1, PntP2, D-ets-2, pointed-P1, pointedP2"
FBgn0003129,Dmel\Poxm,Pox-m
FBgn0003130,Dmel\Poxn,Pox-n
FBgn0003132,Dmel\Pp1-13C,"PP1α13C, PP1, PP1 13C, PP1c, 13C"
FBgn0020257,Dmel\Ppa,
FBgn0261285,Dmel\Ppcs,"dPPCS, 4'-phosphopantothenoylcysteine synthetase"
FBgn0023489,Dmel\Pph13,"Munster, hazy, Mu"
FBgn0030844,Dmel\ppk23,
FBgn0030795,Dmel\ppk28,
FBgn0034965,Dmel\ppk29,nope
FBgn0034489,Dmel\ppk6,
FBgn0052792,Dmel\ppk8,
FBgn0020258,Dmel\ppk,"ppk1, pickpocket1, dmdNaC1, Drifter, pickpocket 1"
FBgn0283437,Dmel\PPO1,"Bc, Black cells, proPO-A1, Mox, Black cell"
FBgn0033367,Dmel\PPO2,"PO45, proPO45"
FBgn0261363,Dmel\PPO3,"Dox-A3, proPO59"
FBgn0003139,Dmel\PpV,
FBgn0041194,Dmel\Prat2,
FBgn0004901,Dmel\Prat,
FBgn0003145,Dmel\prd,
FBgn0264817,Dmel\pre-lola-G,
FBgn0003149,Dmel\Prm,"PM/mPM, l(3)10631, mPM, miniparamyosin, pm"
FBgn0029723,Dmel\Proc-R,ProcR
FBgn0045038,Dmel\Proc,Proct
FBgn0261395,Dmel\Prosα3T,
FBgn0261394,Dmel\Prosα3,"Pros29, α3, Proteasome 29kD subunit"
FBgn0265606,Dmel\Prosα4T1,"Pros28.1A, α4t1_dm"
FBgn0017556,Dmel\Prosα4T2,"Pros28.1B, α4t2_dm"
FBgn0032492,Dmel\Prosα6T,
FBgn0040752,Dmel\Prosap,Shank
FBgn0004595,Dmel\pros,"Voila, DROPROSA, pro, DMPROSPER, l(3)10419"
FBgn0013300,Dmel\ProtA,"Mst35Ba, protamine, dProtA, protamine (mst35Ba),  BG:DS03431.2"
FBgn0013301,Dmel\ProtB,"Mst35Bb, protamine,  BG:DS03431.3 , protamine (mst35Bb), dProtB"
FBgn0039707,Dmel\Prtl99C,
FBgn0005624,Dmel\Psc,"Posterior sex comb, l(2)49Ea"
FBgn0263102,Dmel\psq,"eyeful, rumpf, rum, psk, zep"
FBgn0003892,Dmel\ptc,"tuf, rubr, Ptch"
FBgn0014007,Dmel\Ptp69D,"DPTP69D, DPTP"
FBgn0020912,Dmel\Ptx1,D-Ptx1
FBgn0003165,Dmel\pum,"ovarette, pkl, pumuckel, bem, ovt"
FBgn0035802,Dmel\Pura,
FBgn0031888,Dmel\Pvf2,"DmVEGF-2, Pvf, VEGF, Vegf27Cb"
FBgn0085407,Dmel\Pvf3,"PVF, DmVEGF-3"
FBgn0011828,Dmel\Pxn,CT1239
FBgn0033649,Dmel\pyr,FGF8-like2
FBgn0038919,Dmel\Qsox2,
FBgn0028572,Dmel\qtc,
FBgn0005586,Dmel\Rab3,"drab3, DmRab3, dm-Rab3"
FBgn0003079,Dmel\Raf,"D-raf, Draf, phl, pole hole, l(1)ph"
FBgn0004636,Dmel\Rap1,"R, Roughened, Dras3, Rap, l(3)62Bf"
FBgn0264895,Dmel\RapGAP1,RapGAP
FBgn0003206,Dmel\Ras64B,"Ras2, Ras, Dras2, Dmras64B, ras-2"
FBgn0003205,Dmel\Ras85D,"Ras, Ras1, Dras1, RasV12, D-Ras"
FBgn0004390,Dmel\RasGAP1,"Gap1, mip, Gap, GTPase-activating protein 1, sxt"
FBgn0031745,Dmel\rau,
FBgn0052062,Dmel\Rbfox1,A2bp1
FBgn0260943,Dmel\Rbp6,RRM6
FBgn0010263,Dmel\Rbp9,"fs(2)B, fes, RRM9, female sterile(2)Bridges, RRM10"
FBgn0034530,Dmel\Rcd6,
FBgn0261549,Dmel\rdgA,"DGK, DAG kinase"
FBgn0003218,Dmel\rdgB,"ota1, RdgBα"
FBgn0004244,Dmel\Rdl,"GABA receptor, GABAAR, GABAA receptor, resistance to dieldrin, GABAA-R"
FBgn0243486,Dmel\rdo,"PFE, Pray For Elves"
FBgn0264493,Dmel\rdx,"hib, l(3)88Aa, SPOP, l(3)2004, l(3)03477"
FBgn0036463,Dmel\Reck,
FBgn0029133,Dmel\REG,dREG
FBgn0011701,Dmel\repo,"RK2, reverse polarity"
FBgn0039209,Dmel\REPTOR,
FBgn0004795,Dmel\retn,"dri, dead ringer, l(2)02535, Dead Ringer/Retain"
FBgn0020379,Dmel\Rfx,"dRFX, Regulatory factor X"
FBgn0026376,Dmel\Rgl,"dRGL, Ral guanine nucleotide exchange factor, Ral guanine nucleotide exchange factor 2"
FBgn0267792,Dmel\rgr,
FBgn0266098,Dmel\rg,"DAKAP550, Akap550"
FBgn0003248,Dmel\Rh2,"rhodopsin, Rh"
FBgn0003249,Dmel\Rh3,"rhodopsin, Rh"
FBgn0003250,Dmel\Rh4,rhodopsin
FBgn0014019,Dmel\Rh5,rhodopsin
FBgn0019940,Dmel\Rh6,rhodopsin
FBgn0260442,Dmel\rhea,"talin, tendrils"
FBgn0014020,Dmel\Rho1,"RhoA, Rho, Rho GTPase, DrhoA, Rho kinase"
FBgn0039883,Dmel\RhoGAP100F,"Syd-1, DSyd-1, Syd1"
FBgn0261461,Dmel\RhoGAP18B,"whir, white rabbit"
FBgn0031118,Dmel\RhoGAP19D,
FBgn0026375,Dmel\RhoGAPp190,"p190RhoGAP, p190, p190 RhoGAP, RhoGAP"
FBgn0264707,Dmel\RhoGEF3,RhoGEF
FBgn0014380,Dmel\RhoL,"Mes1, Drac3, DRhoL"
FBgn0004635,Dmel\rho,"ve, Rho1, rhomboid-1, rho-1, veinlet"
FBgn0003254,Dmel\rib,
FBgn0024985,Dmel\Rilpl,EG:132E8.4
FBgn0003255,Dmel\rk,"DLGR2, lgr2,  BG:DS00180.13 , DLGR-2"
FBgn0003261,Dmel\Rm62,"Lip, Dmp68, p68"
FBgn0005631,Dmel\robo1,"robo, roundabout, dRobo, Robo-1, dRobo1"
FBgn0002543,Dmel\robo2,"lea, leak, Robo 2, robo-2, D-Robo2"
FBgn0041097,Dmel\robo3,Robo-3
FBgn0026181,Dmel\Rok,"Drok, ROCK, Rho-associated kinase, DRhk, DRho-kinase"
FBgn0041096,Dmel\rols,"Rols7, Ants, Antisocial, l(3)08232"
FBgn0033998,Dmel\row,
FBgn0263757,Dmel\Rpb4,DmRPB4
FBgn0011706,Dmel\rpr,
FBgn0003285,Dmel\rst,"irreC, irreC-rst, rst-irrecC, irreC-roughest, irregular chiasm C-roughest"
FBgn0259162,Dmel\RunxB,
FBgn0003300,Dmel\run,"leg, AA33"
FBgn0003301,Dmel\rut,"AC, adenylyl cyclase"
FBgn0020617,Dmel\Rx,"DRx, E97, bk50, PPH17"
FBgn0011286,Dmel\RyR,"Rya-r44F, Ryanodine receptor 44F, l(2)k04913, DRR, dry"
FBgn0043865,Dmel\SA-2,"snm, pf-1, stromalin in meiosis"
FBgn0003312,Dmel\sad,Cyp315a1
FBgn0037672,Dmel\sage,
FBgn0261648,Dmel\salm,"sal, spalt, l(2)03602"
FBgn0000287,Dmel\salr,"spalt, sal, sal-r"
FBgn0061197,Dmel\salto,SIP2
FBgn0005278,Dmel\Sam-S,"Su(z)5, M(2)21AB, SamS, SAM synthase, Minute (2) 21AB"
FBgn0025697,Dmel\santa-maria,"santa maria,  BEST:CK01577"
FBgn0002842,Dmel\sa,"TAF8L, ms(3)sa, tTAF"
FBgn0016754,Dmel\sba,
FBgn0033033,Dmel\scaf,
FBgn0003326,Dmel\sca,
FBgn0286785,Dmel\scb,"αPS3, Volado, Vol, αPS3, l(2)51Ea"
FBgn0040918,Dmel\schlank,"Lag1, l(1)G0061, Longevity assurance gene 1, l(1)G0489, l(1)G0365"
FBgn0020907,Dmel\Scp2,"JHDK, Calexcitin, dSCP2"
FBgn0263289,Dmel\scrib,"scribbled, smi97B, ird15, scrb, vart"
FBgn0004880,Dmel\scrt,lincRNA.S4061
FBgn0003339,Dmel\Scr,"Msc, Multiple sex comb"
FBgn0004170,Dmel\sc,"sis-b, sisB, T4, Hw, Hairy-wing"
FBgn0038279,Dmel\Sdr,
FBgn0261873,Dmel\sdt,"Std, Pals1, BP1063"
FBgn0003345,Dmel\sd,"sp, l(1)G0309, l(1)G0262, spatula, l(1)G0483"
FBgn0010638,Dmel\Sec61β,"l(2)07214, Sec61, DSec61β"
FBgn0003353,Dmel\sei,"erg, Derg"
FBgn0011259,Dmel\Sema1a,"Sema-1a, Sema 1a, D-SemaI, semaphorin, SemaI"
FBgn0016059,Dmel\Sema1b,"Sema-1b, semaphorin-like, sema-III, semaphorin, Sema 1b"
FBgn0284221,Dmel\Sema5c,"Sema-5c, Sema-3a, Sema 5c, semaphorin, Dsema3a"
FBgn0002573,Dmel\sens,"Ly, Sensless, sense, sen"
FBgn0259923,Dmel\Septin4,"Sep4, dSEPT4, septin"
FBgn0263006,Dmel\SERCA,"Ca-P60A, dSERCA, Kum, Calcium ATPase at 60A, CaP60A"
FBgn0010414,Dmel\SerT,dSERT
FBgn0004197,Dmel\Ser,"Bd, Rpw, Beaded"
FBgn0003366,Dmel\sev,"DROSEV1, DmHD-265"
FBgn0036544,Dmel\sff,
FBgn0020251,Dmel\sfl,"NDST, lincRNA.S4253"
FBgn0003372,Dmel\Sgs1,"Sgs-1, Sgs"
FBgn0003373,Dmel\Sgs3,"Sgs-3, group IV"
FBgn0003374,Dmel\Sgs4,"Sgs-4, salivary gland secretion protein 4, Sgs"
FBgn0003377,Dmel\Sgs7,"Sgs-7, group III"
FBgn0003378,Dmel\Sgs8,"Sgs-8, group II"
FBgn0085387,Dmel\shakB,"Pas, shak-B, R-9-29, passover, inx8"
FBgn0003382,Dmel\sha,"koj, kojak, lincRNA.286"
FBgn0003388,Dmel\shd,Cyp314a1
FBgn0003390,Dmel\shf,
FBgn0003391,Dmel\shg,"DE-cadherin, E-cadherin, E-cad, DE-cad, Ecad"
FBgn0003392,Dmel\shi,"dynamin, Dyn, shibere"
FBgn0003396,Dmel\shn,"quo, l(2)04738, EP2359"
FBgn0013733,Dmel\shot,"kakapo, kak, groovin, l(2)k04204, grv"
FBgn0003380,Dmel\Sh,"EKO, Shw"
FBgn0263873,Dmel\sick,Dm_2L:104545
FBgn0038156,Dmel\side-IV,BP1073
FBgn0086604,Dmel\side-VIII,
FBgn0085400,Dmel\side-V,
FBgn0032741,Dmel\Sidpn,Side
FBgn0038880,Dmel\SIFaR,SIFR
FBgn0053527,Dmel\SIFa,"IFa, Neb-LFamide, Drm-IFa"
FBgn0085447,Dmel\sif,"Dm_3L:26493 , lincRNA.447"
FBgn0266411,Dmel\sima,"HIF-1α, HIF-1, l(3)j11B7, HIF alpha, HIF1A"
FBgn0004666,Dmel\sim,"S8, l(3)S8, shm"
FBgn0261245,Dmel\sing,
FBgn0027364,Dmel\Six4,"DSix4, D-Six4"
FBgn0026179,Dmel\siz,loner
FBgn0051163,Dmel\SKIP,
FBgn0025637,Dmel\SkpA,"Skp1,  EG:115C2.4 , dSkpA, l(1)G0037, l(1)G0109"
FBgn0031074,Dmel\SkpE,
FBgn0016984,Dmel\sktl,"PIP5K, PIP5-kinase, l(2)05475, fam"
FBgn0261477,Dmel\slim,
FBgn0264089,Dmel\sli,"dSlit, CT37068, CT21700, l(2)05248"
FBgn0264087,Dmel\Slob,SLO-binding protein
FBgn0002941,Dmel\slou,"S59, NK-1, S59/NK-1, Nk1"
FBgn0003429,Dmel\slo,"dSlo, Slo1"
FBgn0003430,Dmel\slp1,"slp, sloppy-paired, sloppy paired, slp-1, FD6"
FBgn0004567,Dmel\slp2,"slp, sloppy-paired, FD7, sloppy paired, FoxG"
FBgn0086906,Dmel\sls,"kettin, D-Titin, Titin, Ket, l(3)dre8"
FBgn0025469,Dmel\slv,
FBgn0085409,Dmel\smal,
FBgn0051660,Dmel\smog,pog
FBgn0025800,Dmel\Smox,"dSmad2, Smad2, Sad, l(1)G0348, Smad"
FBgn0265523,Dmel\Smr,"l(1)G0060, l(1)G0361, lincRNA.983"
FBgn0033917,Dmel\SmydA-1,
FBgn0003448,Dmel\sna,"Sco, l(2)br28, l(2)35Db, l(2)br29, br29"
FBgn0264357,Dmel\SNF4Aγ,"loe, loechrig, AMPKγ, SNF4A, SNF4"
FBgn0260004,Dmel\Snmp1,"Snmp, Sensory neuron membrane protein"
FBgn0036934,Dmel\sNPF-R,"sNPFR1, sNPFR, NPFR76F, sNPF receptor"
FBgn0032840,Dmel\sNPF,"short neuropeptide F, Drm-sNPF-1, short NPF, Drm-sNPF-4, Drm-sNPF-2"
FBgn0004185,Dmel\snRNA:U1:95Ca,"U1, U1 snRNA,  U1:95Ca , DMU1951, U1-95.1"
FBgn0004189,Dmel\snRNA:U6:96Ab,"U6, U6-2,  U6:96Ab , U6 snRNA, U6 RNA"
FBgn0024189,Dmel\sns,43-49
FBgn0003447,Dmel\sn,"fascin, fs(1)K418, fs(1)M45"
FBgn0004892,Dmel\sob,
FBgn0041184,Dmel\Socs36E,"Suppressor of cytokine signaling 36E, Socs"
FBgn0003462,Dmel\Sod1,"SOD, superoxide dismutase, CuZnSOD, Cu-Zn SOD, cSOD"
FBgn0003463,Dmel\sog,"l(1)G0395, l(1)G0479, l(1)G0160"
FBgn0003464,Dmel\sol,
FBgn0039938,Dmel\Sox102F,SoxD
FBgn0005612,Dmel\Sox14,DSox14
FBgn0005613,Dmel\Sox15,"SoxE, SoxF"
FBgn0036411,Dmel\Sox21a,
FBgn0042630,Dmel\Sox21b,sox-like
FBgn0029123,Dmel\SoxN,DM64
FBgn0003460,Dmel\so,"Drl, mda, medusa"
FBgn0020378,Dmel\Sp1,D-Sp1
FBgn0033358,Dmel\spab,
FBgn0030306,Dmel\Spase25,
FBgn0260440,Dmel\spdo,
FBgn0086676,Dmel\spin,"l(2)10403, benchwarmer, l(2)k09905, diphthong, bnch"
FBgn0003475,Dmel\spir,"p150-Spir, 38C.34, 38C.37"
FBgn0005672,Dmel\spi,"l(2)s3547, s-spi, sSpi, l(2)01068"
FBgn0033115,Dmel\Spn42De,
FBgn0033574,Dmel\Spn47C,
FBgn0010905,Dmel\Spn,"l(3)06911, d-spinophilin"
FBgn0086917,Dmel\spok,"Cyp307a2, spook 2, Cyp307a2Ψ, Cyp307a2p, 307a2p"
FBgn0003486,Dmel\spo,Cyp307a1
FBgn0029768,Dmel\SPR,
FBgn0032224,Dmel\Sps2,Dsps2
FBgn0003034,Dmel\SP,"Acp70A, ACP, Accessory gland protein 70A, DrmSP"
FBgn0003514,Dmel\sqh,"MRLC, myosin II, MyoII, myosin regulatory light chain, RLC"
FBgn0010768,Dmel\sqz,l(3)02102
FBgn0262733,Dmel\Src64B,"Src64, Src, Src1, Dsrc64B, Dsrc"
FBgn0261283,Dmel\SREBP,"dSREBP, HLH106, l(3)76BDw, SREBF1, Helix loop helix protein 106"
FBgn0262112,Dmel\sro,
FBgn0035947,Dmel\Srp68,
FBgn0010391,Dmel\SrpRα,"Gtp-bp, GTP-binding protein"
FBgn0003507,Dmel\srp,"dGATAb, GATAb, l(3)01549, ABF, GATA"
FBgn0036340,Dmel\Srrm1,SRm160
FBgn0003510,Dmel\Sry-α,"sry α, sryα, serendipity alpha, srya, sry"
FBgn0003511,Dmel\Sry-β,"sryβ, sry β"
FBgn0003512,Dmel\Sry-δ,"sryδ, serendipity delta, sry δ, EH8, sry"
FBgn0003499,Dmel\sr,
FBgn0003513,Dmel\ss,aristapedia
FBgn0037665,Dmel\St2,
FBgn0024836,Dmel\stan,"fmi, flamingo, CT20776"
FBgn0016917,Dmel\Stat92E,"STAT, marelle, mrl, D-STAT, Dstat"
FBgn0020249,Dmel\stck,"PINCH, pin85A, stk, d-pinch, dpin"
FBgn0003525,Dmel\stg,"cdc25, cdc25string, l(3)01235, EP1213, string/cdc25"
FBgn0261041,Dmel\stj,"dα2δ-3, α2δ, α2δ-3"
FBgn0086704,Dmel\stops,su(rdgB)69
FBgn0020299,Dmel\stumps,"dof, hbr, heartbroken, downstream of FGF receptor, Downstream of FGF"
FBgn0004837,Dmel\Su(H),"SuH, l(2)br7, Supressor of Hairless, CSL, l(2)35Bh"
FBgn0033782,Dmel\sug,
FBgn0038504,Dmel\Sur-8,
FBgn0028675,Dmel\Sur,dSUR
FBgn0266696,Dmel\Svil,Villin-like
FBgn0003651,Dmel\svp,"ck16, NR2F3, SVP1, don, l(3)ck16"
FBgn0005561,Dmel\sv,"D-Pax2, spa, sparkling, Pax2, dPax2"
FBgn0032731,Dmel\Swip-1,
FBgn0003656,Dmel\sws,olfE
FBgn0264270,Dmel\Sxl,"SxlPe, Sx1, fs(1)M106"
FBgn0261085,Dmel\Syt12,
FBgn0004242,Dmel\Syt1,"Syt, synaptotagmin, synaptotagmin I, Syt I, SytI"
FBgn0028400,Dmel\Syt4,"SytIV, Synaptotagmin IV, syt 4"
FBgn0267849,Dmel\Syx7,"Avl, Avalanche, braided, Syntaxin, STX7"
FBgn0003310,Dmel\S,"floater, l(2)05671, l(2)07056, Star/asteroid, fltr"
FBgn0004359,Dmel\T48,anon-97D
FBgn0086358,Dmel\Tab2,"dTAB2, TAB, galere, ORF1"
FBgn0041092,Dmel\tai,"l(2)01351, l(2)k05809, DAIB1, l(2)k05802"
FBgn0028980,Dmel\tant,tan
FBgn0015550,Dmel\tap,"biparous, bps"
FBgn0040071,Dmel\tara,l(3)03881
FBgn0052506,Dmel\tbc,
FBgn0010329,Dmel\Tbh,"Tβh, TβM, tyramine-beta-hydroxylase, tyramine beta-hydroxylase, tyramine β-monooxygenase"
FBgn0003687,Dmel\Tbp,"TFIID, dTBP, TFIIDτ, TATA box-binding protein, TATA-box binding protein"
FBgn0039124,Dmel\tbrd-1,
FBgn0034423,Dmel\tbrd-2,
FBgn0050446,Dmel\Tdc2,"TDC, tyrosine decarboxylase, dTdc2"
FBgn0004449,Dmel\Ten-m,"odz, Tenm, odd Oz, Teneurin, l(3)05309"
FBgn0263392,Dmel\Tet,"DMAD, dTet"
FBgn0038805,Dmel\TFAM,"mtTFA, d-TFAM"
FBgn0261953,Dmel\TfAP-2,"dAP-2, AP-2, AP-2α, l(3)1215"
FBgn0264075,Dmel\tgo,"dARNT, ARNT, jaywalker, HIF-1"
FBgn0266195,Dmel\Tgs1,"dtl, l(3)S096713, tat-like, dORF, Drosophila Tat-like"
FBgn0031975,Dmel\Tg,dTG
FBgn0026869,Dmel\Tdg,"Thd1, G/T-mismatch-specific-thymine-DNA-glycosylase, MUG"
FBgn0038978,Dmel\tHMG1,
FBgn0038979,Dmel\tHMG2,
FBgn0033652,Dmel\ths,"Neu4, FGF8-like1"
FBgn0011722,Dmel\Tig,CT36389
FBgn0014395,Dmel\tilB,
FBgn0014396,Dmel\tim,"dTIM, rit, tim1, Ritsu"
FBgn0261649,Dmel\tinc,
FBgn0004110,Dmel\tin,"NK-4, msh-2, msh2, NK4, NK4/msh-2"
FBgn0011837,Dmel\Tis11,"DTIS11, l(1)G0124, dTTP"
FBgn0000964,Dmel\tj,maf1
FBgn0004841,Dmel\TkR86C,"Takr86C, NKD"
FBgn0004622,Dmel\TkR99D,"DTKR, Takr99D, l(3)s2222, tachykinin receptor"
FBgn0003716,Dmel\tkv,"str, Thickvein, l(2)04415, slater, Brk25D"
FBgn0037976,Dmel\Tk,"DTK, tachykinin-3, DTK-4, DTK-6, DTK-3"
FBgn0003719,Dmel\tld,
FBgn0283657,Dmel\Tlk,"l(1)G0054,  BEST:GH17330 ,  BcDNA:GH07910 , EP1413"
FBgn0003720,Dmel\tll,NR2E2
FBgn0262473,Dmel\Tl,"Toll-1, EP1051, T1, dToll"
FBgn0003721,Dmel\Tm1,"TmII, tropomyosin, tropomyosin II, cTm, Tm"
FBgn0004117,Dmel\Tm2,"TmI, Ifm(3)3, Tropomyosin, Tm, tropomyosin I"
FBgn0082582,Dmel\tmod,"spdo, sanpodo, l(3)00848"
FBgn0026160,Dmel\tna,l(3)rI075
FBgn0024921,Dmel\Tnpo,"Trn, dTRN"
FBgn0265356,Dmel\tn,"abba, l(2)tn"
FBgn0036285,Dmel\toe,twin of eyegone
FBgn0029114,Dmel\Tollo,"Toll-8, Toll8, Tl-8"
FBgn0035719,Dmel\tow,
FBgn0019650,Dmel\toy,"l(4)8, l(4)102CDg"
FBgn0039298,Dmel\to,
FBgn0051281,Dmel\Tpl94D,Tpl94D
FBgn0051703,Dmel\tplus3b,
FBgn0013348,Dmel\TpnC41C,"TnC, TnC41C, TnC1, DmTnC1, TpnC41"
FBgn0033027,Dmel\TpnC4,"TnC4, TnC, DmTnC4, DmTpnCIIIb"
FBgn0026319,Dmel\Traf4,"Traf1, DTRAF1"
FBgn0028978,Dmel\trbl,trb
FBgn0046687,Dmel\Tre1,"sctt, Tre-1"
FBgn0262139,Dmel\trh,l(3)10512
FBgn0051721,Dmel\Trim9,
FBgn0024277,Dmel\trio,"M89, l(3)S095914, DTrio, l(3)S036810"
FBgn0038343,Dmel\Trissin,
FBgn0013263,Dmel\Trl,"GAF, GAGA, GAGA factor, Nc70F, GAGA-factor"
FBgn0010452,Dmel\trn,
FBgn0284408,Dmel\trol,"Perlecan, Pcan, zw1, l(1)zw1, zw-1"
FBgn0035934,Dmel\TrpA1,"dTrpA1, dANKTM1, Transient receptor potential A1, TrpA, DmTRPA1"
FBgn0032593,Dmel\Trpγ,trp-γ
FBgn0005614,Dmel\trpl,"trp-like, trp-l, DmTRPL"
FBgn0265194,Dmel\Trpm,dTRPM
FBgn0020653,Dmel\Trxr-1,"DmTR, thioredoxin reductase, TrxR, DmTrxR-1, DmTrxR"
FBgn0003862,Dmel\trx,"l(3)j14A6, trxG, DMTRXIII, Rg-bx, l(3)s5452"
FBgn0003866,Dmel\tsh,ae
FBgn0003867,Dmel\tsl,
FBgn0032943,Dmel\Tsp39D,
FBgn0033132,Dmel\Tsp42Ej,"Sunglasses, sun"
FBgn0003870,Dmel\ttk,"Ttk69, oversensitive, Tramtrack69, Ttk88, FTZ-F2"
FBgn0003891,Dmel\tud,
FBgn0003896,Dmel\tup,"islet, isl"
FBgn0010473,Dmel\tutl,"l(2)01085, jf4, mdcds_7441"
FBgn0039448,Dmel\TwdlQ,
FBgn0032895,Dmel\twit,
FBgn0003900,Dmel\twi,
FBgn0004889,Dmel\tws,"aar, PP2A, PR55, phosphoprotein phosphatase 2A 55 kDa, l(3)02414"
FBgn0034636,Dmel\twz,
FBgn0263118,Dmel\tx,"dei, delilah, del"
FBgn0284435,Dmel\tyn,"SP71, EP1421"
FBgn0038541,Dmel\TyrRII,TAR3
FBgn0038542,Dmel\TyrR,TAR2
FBgn0086367,Dmel\t,
FBgn0003943,Dmel\Ubi-p63E,"Ub, ubiquitin, polyubiquitin, Ubi-p, ubi63E"
FBgn0003944,Dmel\Ubx,"bx, pbx, Cbx, bithorax, bxd"
FBgn0015663,Dmel\Ugt36A1,"Dot, Dorothy"
FBgn0040260,Dmel\Ugt37D1,Ugt36Bc
FBgn0025726,Dmel\unc-13,"Unc13A, dunc-13, Dunc13, Unc13B, l(4)ry16"
FBgn0024184,Dmel\unc-4,Dunc-4
FBgn0034013,Dmel\unc-5,"CT20824, unc-5-like, Unc5d"
FBgn0038693,Dmel\unc79,dunc79
FBgn0015561,Dmel\unpg,"unp, upg"
FBgn0263352,Dmel\Unr,"dUNR, MRE30"
FBgn0030904,Dmel\upd2,"Upd, upd-2"
FBgn0053542,Dmel\upd3,"os, Upd, upd-3, outstretched, Upd-like"
FBgn0003961,Dmel\Uro,UO
FBgn0003963,Dmel\ush,"dFOG, FOG"
FBgn0270928,Dmel\VAChT,chn
FBgn0003969,Dmel\vap,"RasGAP, D-RasGAP"
FBgn0283442,Dmel\vas,"courgette, cgt,  BG:DS00929.14"
FBgn0033911,Dmel\VGAT,
FBgn0031424,Dmel\VGlut,"DVGLUT, Drosophila vesicular glutamate transporter"
FBgn0003975,Dmel\vg,vestigal
FBgn0283536,Dmel\Vha13,"conjoined, l(3)05113"
FBgn0263598,Dmel\Vha68-2,"V-ATPase 69 kDa subunit 2, Vha68, ATP6V1A"
FBgn0004397,Dmel\Vinc,"EG:103B4.1 , Vin, CT11081"
FBgn0033748,Dmel\vis,"zaa, achi/vis"
FBgn0003979,Dmel\Vm26Aa,"sV17, VM26A.1, Vm26A1"
FBgn0014076,Dmel\Vm32E,"VMP32E, Vm32Ec"
FBgn0260964,Dmel\Vmat,"dVMAT, DVMAT-A, l(2)SH0459"
FBgn0261930,Dmel\vnd,"NK-2, vnd/NK-2, NK2, EC6,  EG:118B3.1"
FBgn0003984,Dmel\vn,"CT29452, ddd"
FBgn0016076,Dmel\vri,jf23
FBgn0263511,Dmel\Vsx1,"dChx1, Chx1, lincRNA.S8688, dVsx1"
FBgn0263512,Dmel\Vsx2,"Chx2, dVsx2"
FBgn0086680,Dmel\vvl,"drifter, dfr, Cf1a, ventral veinless, Drf"
FBgn0261563,Dmel\wb,"l(2)br1,  BG:DS03792.2 , l(2)34Fb, laminin α1,2,  BG:DS03792.1"
FBgn0030812,Dmel\wcy,BP1032
FBgn0005642,Dmel\wdn,"pqp, sry-h1, pourquoi-pas"
FBgn0032395,Dmel\Wdr81,
FBgn0030941,Dmel\wgn,TNFR
FBgn0284084,Dmel\wg,"Wnt, Sp, Wnt-1, Gla, Sternopleural"
FBgn0024179,Dmel\wit,"l(3)64Aa, STK-D, SE20"
FBgn0036896,Dmel\wnd,DLK
FBgn0031903,Dmel\Wnt10,DWnt10
FBgn0004360,Dmel\Wnt2,"DWnt-2, DWnt2, Wnt-2"
FBgn0010453,Dmel\Wnt4,"DWnt4, DWnt-4, Wnt-4"
FBgn0010194,Dmel\Wnt5,"DWnt5, DWnt-3, Dwnt-5, DWnt3, Wnt3"
FBgn0031902,Dmel\Wnt6,DWnt6
FBgn0038134,Dmel\wntD,"Wnt8, DWnt8, DWnt-8"
FBgn0010328,Dmel\woc,
FBgn0001983,Dmel\wor,"l(2)br35, l(2)35Da, br35,  BG:DS03023.1"
FBgn0025878,Dmel\wrapper,
FBgn0051665,Dmel\wry,
FBgn0283471,Dmel\wupA,"TnI, hdp, troponin I, heldup, TpnI"
FBgn0031972,Dmel\Wwox,DmWWOX
FBgn0003996,Dmel\w,"mini-white, DMWHITE,  EG:BACN33B1.1"
FBgn0021872,Dmel\Xbp1,"l(2)k13803, xbp-1"
FBgn0261113,Dmel\Xrp1,
FBgn0034856,Dmel\yellow-d2,
FBgn0265575,Dmel\yin,"opt1,  EG:EG0002.1 , oligopeptide transporter 1"
FBgn0004045,Dmel\Yp1,"YP, vitellogenin, fs(1)1163, yp-1, YPI"
FBgn0004047,Dmel\Yp3,"YP, vitellogenin, yolk protein"
FBgn0004034,Dmel\y,EG:125H10.2
FBgn0004052,Dmel\Z600,"frs, fruhstart, DMZ60MEX"
FBgn0004054,Dmel\zen2,z2
FBgn0004053,Dmel\zen,"z1, zerknult"
FBgn0040512,Dmel\ζCOP,
FBgn0270924,Dmel\zf30C,"l(2)k02506, C282"
FBgn0004606,Dmel\zfh1,"zfh-1, zinc finger homeodomain 1, Zinc-finger homeodomain protein 1, l(3)00865"
FBgn0004607,Dmel\zfh2,"zfh-2, zinc finger homeodomain 2"
FBgn0265434,Dmel\zip,"myosin II, MyoII, MHC, myosin heavy chain, Myosin"
FBgn0025693,Dmel\ZnT41F,"dZnT41F,  BEST:CK02137"
FBgn0036985,Dmel\zye,
